timestamp,temperature,humidity,co2
2024-03-06 11:36:56,22.85,46.22,1161.82
2024-03-06 11:41:56,29.74,60.9,1261.5
2024-03-06 11:46:56,24.3,55.42,1118.66
2024-03-06 11:51:56,22.48,57.77,967.7
2024-03-06 11:56:56,22.22,53.65,1741.08
2024-03-06 12:01:56,28.63,66.14,1312.48
2024-03-06 12:06:56,23.32,38.29,1495.81
2024-03-06 12:11:56,23.43,60.32,1954.11
2024-03-06 12:16:56,31.44,42.61,1052.86
2024-03-06 12:21:56,29.61,54.44,789.59
2024-03-06 12:26:56,23.54,69.45,713.79
2024-03-06 12:31:56,24.34,56.91,1103.8
2024-03-06 12:36:56,23.48,61.97,542.37
2024-03-06 12:41:56,30.81,46.82,906.56
2024-03-06 12:46:56,22.24,34.78,1004.56
2024-03-06 12:51:56,22.5,61.85,1308.93
2024-03-06 12:56:56,31.11,34.75,819.12
2024-03-06 13:01:56,26.37,54.67,559.09
2024-03-06 13:06:56,22.3,56.34,1858.93
2024-03-06 13:11:56,23.39,42.77,1889.3
2024-03-06 13:16:56,29.07,47.76,527.98
2024-03-06 13:21:56,28.52,46.76,1138.67
2024-03-06 13:26:56,27.66,46.65,1403.07
2024-03-06 13:31:56,30.15,60.4,900.59
2024-03-06 13:36:56,25.21,49.14,1934.01
2024-03-06 13:41:56,27.67,45.57,1655.82
2024-03-06 13:46:56,23.2,51.91,1748.81
2024-03-06 13:51:56,28.32,46.51,1076.86
2024-03-06 13:56:56,23.87,45.47,1744.63
2024-03-06 14:01:56,26.96,55.28,952.6
2024-03-06 14:06:56,31.78,62.14,596.92
2024-03-06 14:11:56,26.34,62.94,1629.28
2024-03-06 14:16:56,22.97,66.91,631.28
2024-03-06 14:21:56,22.21,46.78,1720.89
2024-03-06 14:26:56,28.8,67.95,1101.06
2024-03-06 14:31:56,28.37,31.27,1539.33
2024-03-06 14:36:56,26.39,66.44,1218.6
2024-03-06 14:41:56,30.78,64.57,893.11
2024-03-06 14:46:56,30.77,34.51,1572.42
2024-03-06 14:51:56,24.24,49.22,1834.93
2024-03-06 14:56:56,22.4,33.24,400.52
2024-03-06 15:01:56,22.52,30.84,867.79
2024-03-06 15:06:56,30.95,46.08,1052.75
2024-03-06 15:11:56,24.53,61.81,1968.14
2024-03-06 15:16:56,27.12,55.58,1078.7
2024-03-06 15:21:56,25.84,59.34,1138.81
2024-03-06 15:26:56,26.24,64.56,587.0
2024-03-06 15:31:56,26.24,37.58,1749.68
2024-03-06 15:36:56,24.05,60.69,1617.92
2024-03-06 15:41:56,31.75,58.88,1644.34
2024-03-06 15:46:56,30.36,53.6,599.0
2024-03-06 15:51:56,30.76,47.43,670.22
2024-03-06 15:56:56,24.39,57.36,892.14
2024-03-06 16:01:56,24.03,34.36,1709.76
2024-03-06 16:06:56,31.33,68.96,486.98
2024-03-06 16:11:56,31.6,54.38,1982.46
2024-03-06 16:16:56,29.88,54.15,1064.94
2024-03-06 16:21:56,25.33,33.75,494.06
2024-03-06 16:26:56,24.42,41.0,1087.62
2024-03-06 16:31:56,23.56,32.69,1567.52
2024-03-06 16:36:56,22.29,63.15,1632.0
2024-03-06 16:41:56,27.11,55.14,757.28
2024-03-06 16:46:56,29.13,33.0,1374.27
2024-03-06 16:51:56,26.18,64.33,761.58
2024-03-06 16:56:56,24.83,63.19,965.54
2024-03-06 17:01:56,31.78,46.85,456.03
2024-03-06 17:06:56,30.64,68.09,1155.55
2024-03-06 17:11:56,26.03,41.14,736.45
2024-03-06 17:16:56,29.31,68.36,1945.42
2024-03-06 17:21:56,29.27,38.73,1543.12
2024-03-06 17:26:56,24.38,59.46,1488.21
2024-03-06 17:31:56,31.88,34.04,913.86
2024-03-06 17:36:56,24.71,52.77,1777.18
2024-03-06 17:41:56,22.08,54.94,536.17
2024-03-06 17:46:56,28.67,32.31,1486.45
2024-03-06 17:51:56,26.22,45.77,601.98
2024-03-06 17:56:56,31.69,43.81,703.02
2024-03-06 18:01:56,28.93,58.55,1789.91
2024-03-06 18:06:56,22.89,62.92,1838.28
2024-03-06 18:11:56,26.81,66.06,1859.76
2024-03-06 18:16:56,23.84,44.44,835.58
2024-03-06 18:21:56,22.37,46.1,531.97
2024-03-06 18:26:56,31.34,52.85,837.68
2024-03-06 18:31:56,24.18,67.78,970.17
2024-03-06 18:36:56,28.08,47.18,551.32
2024-03-06 18:41:56,30.04,49.5,913.11
2024-03-06 18:46:56,23.83,36.89,649.86
2024-03-06 18:51:56,31.35,36.11,1260.7
2024-03-06 18:56:56,22.69,55.15,543.31
2024-03-06 19:01:56,24.77,41.45,575.58
2024-03-06 19:06:56,28.03,43.02,1710.63
2024-03-06 19:11:56,26.66,59.0,1640.05
2024-03-06 19:16:56,23.46,58.53,725.26
2024-03-06 19:21:56,28.06,67.68,1122.43
2024-03-06 19:26:56,28.34,34.01,683.34
2024-03-06 19:31:56,24.57,66.3,767.59
2024-03-06 19:36:56,22.23,64.95,1650.06
2024-03-06 19:41:56,26.0,38.49,834.99
2024-03-06 19:46:56,24.09,63.69,1681.79
2024-03-06 19:51:56,25.9,33.39,504.56
2024-03-06 19:56:56,31.65,39.42,770.17
2024-03-06 20:01:56,22.21,58.72,1121.41
2024-03-06 20:06:56,29.66,47.38,1237.28
2024-03-06 20:11:56,26.89,64.04,1644.14
2024-03-06 20:16:56,28.71,61.49,984.23
2024-03-06 20:21:56,22.99,41.57,1221.59
2024-03-06 20:26:56,25.81,57.0,424.87
2024-03-06 20:31:56,25.08,39.84,1719.1
2024-03-06 20:36:56,29.14,45.26,731.33
2024-03-06 20:41:56,25.39,62.94,1443.06
2024-03-06 20:46:56,31.66,64.69,1895.55
2024-03-06 20:51:56,22.34,57.76,842.25
2024-03-06 20:56:56,31.66,64.19,549.56
2024-03-06 21:01:56,27.48,51.95,464.44
2024-03-06 21:06:56,28.7,39.51,1276.1
2024-03-06 21:11:56,23.23,33.8,681.9
2024-03-06 21:16:56,31.59,48.97,973.69
2024-03-06 21:21:56,26.49,33.18,1404.93
2024-03-06 21:26:56,29.12,51.44,1198.42
2024-03-06 21:31:56,25.89,40.01,557.87
2024-03-06 21:36:56,28.91,38.66,1705.59
2024-03-06 21:41:56,28.91,59.18,1289.8
2024-03-06 21:46:56,31.07,36.19,908.69
2024-03-06 21:51:56,26.18,45.22,502.93
2024-03-06 21:56:56,22.64,33.81,1568.38
2024-03-06 22:01:56,31.2,57.02,1328.84
2024-03-06 22:06:56,30.02,69.75,1612.47
2024-03-06 22:11:56,26.64,39.11,1970.75
2024-03-06 22:16:56,27.8,49.53,995.55
2024-03-06 22:21:56,27.6,37.03,1916.53
2024-03-06 22:26:56,29.47,69.41,1383.29
2024-03-06 22:31:56,23.58,66.53,1552.37
2024-03-06 22:36:56,31.83,45.08,1927.21
2024-03-06 22:41:56,31.87,69.3,1714.06
2024-03-06 22:46:56,28.12,52.65,849.02
2024-03-06 22:51:56,23.54,40.47,1886.77
2024-03-06 22:56:56,31.0,41.74,1529.27
2024-03-06 23:01:56,29.29,42.89,753.92
2024-03-06 23:06:56,23.99,45.52,930.2
2024-03-06 23:11:56,28.71,40.12,583.41
2024-03-06 23:16:56,31.32,52.87,1227.5
2024-03-06 23:21:56,28.88,34.53,1691.54
2024-03-06 23:26:56,24.75,44.19,1411.09
2024-03-06 23:31:56,28.57,65.6,445.52
2024-03-06 23:36:56,29.45,67.81,1786.74
2024-03-06 23:41:56,30.84,36.47,474.38
2024-03-06 23:46:56,27.21,69.62,694.91
2024-03-06 23:51:56,28.0,32.64,1109.81
2024-03-06 23:56:56,29.75,54.0,516.96
2024-03-07 00:01:56,31.4,50.5,1272.98
2024-03-07 00:06:56,27.44,46.71,593.52
2024-03-07 00:11:56,23.25,57.29,1980.52
2024-03-07 00:16:56,23.34,67.38,663.74
2024-03-07 00:21:56,31.3,54.69,1735.99
2024-03-07 00:26:56,25.45,63.95,1264.38
2024-03-07 00:31:56,22.42,50.79,1900.36
2024-03-07 00:36:56,31.48,45.25,1432.62
2024-03-07 00:41:56,31.26,45.28,903.78
2024-03-07 00:46:56,24.42,49.5,1483.39
2024-03-07 00:51:56,24.41,56.87,1652.32
2024-03-07 00:56:56,22.34,43.52,1044.57
2024-03-07 01:01:56,30.92,65.58,1212.5
2024-03-07 01:06:56,29.21,67.9,513.6
2024-03-07 01:11:56,31.6,35.99,1900.72
2024-03-07 01:16:56,26.34,68.67,447.26
2024-03-07 01:21:56,28.05,61.8,1102.09
2024-03-07 01:26:56,26.81,30.22,1240.46
2024-03-07 01:31:56,23.09,38.25,1737.86
2024-03-07 01:36:56,28.34,32.81,1526.02
2024-03-07 01:41:56,30.33,38.79,468.54
2024-03-07 01:46:56,29.41,56.55,1074.61
2024-03-07 01:51:56,29.12,62.51,1518.98
2024-03-07 01:56:56,25.74,30.19,821.32
2024-03-07 02:01:56,31.79,43.55,1192.17
2024-03-07 02:06:56,23.58,51.44,840.34
2024-03-07 02:11:56,31.03,30.11,1763.96
2024-03-07 02:16:56,25.11,31.4,1949.58
2024-03-07 02:21:56,29.43,58.48,469.83
2024-03-07 02:26:56,24.44,48.82,1923.94
2024-03-07 02:31:56,23.95,46.72,834.13
2024-03-07 02:36:56,31.78,38.25,1565.58
2024-03-07 02:41:56,27.29,52.1,1613.95
2024-03-07 02:46:56,23.95,56.59,853.69
2024-03-07 02:51:56,31.63,57.72,742.55
2024-03-07 02:56:56,25.81,61.75,712.19
2024-03-07 03:01:56,27.7,48.52,1177.43
2024-03-07 03:06:56,31.36,45.34,699.16
2024-03-07 03:11:56,27.24,38.85,1157.49
2024-03-07 03:16:56,25.51,30.89,1634.97
2024-03-07 03:21:56,25.57,47.95,1016.93
2024-03-07 03:26:56,23.11,54.56,1014.16
2024-03-07 03:31:56,26.71,32.49,1068.63
2024-03-07 03:36:56,25.66,46.48,961.38
2024-03-07 03:41:56,24.79,35.48,1434.83
2024-03-07 03:46:56,28.37,39.81,1147.79
2024-03-07 03:51:56,28.27,55.97,688.73
2024-03-07 03:56:56,26.87,64.87,679.04
2024-03-07 04:01:56,24.03,63.66,568.5
2024-03-07 04:06:56,30.8,52.06,723.4
2024-03-07 04:11:56,22.36,55.79,886.24
2024-03-07 04:16:56,28.98,58.85,499.27
2024-03-07 04:21:56,25.81,63.57,1829.34
2024-03-07 04:26:56,27.67,35.54,1060.11
2024-03-07 04:31:56,27.76,46.52,1917.39
2024-03-07 04:36:56,27.1,51.46,1786.4
2024-03-07 04:41:56,28.42,45.85,1728.46
2024-03-07 04:46:56,26.54,31.07,715.8
2024-03-07 04:51:56,31.08,34.7,1394.51
2024-03-07 04:56:56,30.15,51.08,1817.35
2024-03-07 05:01:56,23.82,52.43,602.11
2024-03-07 05:06:56,28.65,44.85,1934.57
2024-03-07 05:11:56,23.9,41.11,1032.79
2024-03-07 05:16:56,26.3,57.03,873.24
2024-03-07 05:21:56,30.12,34.57,553.84
2024-03-07 05:26:56,31.51,48.33,606.57
2024-03-07 05:31:56,28.29,39.39,489.71
2024-03-07 05:36:56,23.67,56.43,1074.32
2024-03-07 05:41:56,30.04,44.25,1410.38
2024-03-07 05:46:56,30.79,50.66,922.43
2024-03-07 05:51:56,26.99,31.86,1729.78
2024-03-07 05:56:56,24.29,31.15,1856.12
2024-03-07 06:01:56,25.27,47.69,1310.07
2024-03-07 06:06:56,29.16,57.32,1216.83
2024-03-07 06:11:56,22.55,53.22,1793.62
2024-03-07 06:16:56,31.47,65.83,885.88
2024-03-07 06:21:56,30.98,64.56,1894.2
2024-03-07 06:26:56,22.69,51.17,453.52
2024-03-07 06:31:56,28.21,37.1,1571.86
2024-03-07 06:36:56,23.66,44.27,1485.72
2024-03-07 06:41:56,22.05,55.17,1915.53
2024-03-07 06:46:56,27.93,41.83,1471.73
2024-03-07 06:51:56,31.83,37.1,1985.86
2024-03-07 06:56:56,25.14,53.41,1684.23
2024-03-07 07:01:56,24.63,43.08,1427.26
2024-03-07 07:06:56,25.06,52.63,1501.54
2024-03-07 07:11:56,31.11,43.45,1588.14
2024-03-07 07:16:56,30.08,45.87,879.21
2024-03-07 07:21:56,23.74,39.89,1073.89
2024-03-07 07:26:56,25.89,44.74,1281.83
2024-03-07 07:31:56,29.0,43.2,1800.76
2024-03-07 07:36:56,26.6,61.51,1305.24
2024-03-07 07:41:56,23.66,65.85,639.48
2024-03-07 07:46:56,28.14,55.8,1267.26
2024-03-07 07:51:56,29.27,36.59,740.0
2024-03-07 07:56:56,27.92,48.52,757.49
2024-03-07 08:01:56,29.93,37.64,860.42
2024-03-07 08:06:56,27.19,30.75,893.76
2024-03-07 08:11:56,27.62,37.0,1510.48
2024-03-07 08:16:56,23.59,56.54,1041.59
2024-03-07 08:21:56,23.52,56.46,570.13
2024-03-07 08:26:56,24.61,31.34,942.74
2024-03-07 08:31:56,30.46,40.23,1682.74
2024-03-07 08:36:56,31.58,42.95,632.94
2024-03-07 08:41:56,28.38,34.97,1525.64
2024-03-07 08:46:56,27.93,36.47,404.97
2024-03-07 08:51:56,26.56,36.91,1424.13
2024-03-07 08:56:56,29.29,60.49,1880.91
2024-03-07 09:01:56,30.55,35.53,515.92
2024-03-07 09:06:56,29.18,52.86,1433.58
2024-03-07 09:11:56,30.67,44.23,647.62
2024-03-07 09:16:56,31.03,34.26,1734.01
2024-03-07 09:21:56,29.83,60.09,420.9
2024-03-07 09:26:56,25.8,59.06,1266.53
2024-03-07 09:31:56,30.46,48.91,1133.81
2024-03-07 09:36:56,26.66,42.54,450.26
2024-03-07 09:41:56,28.31,31.82,589.07
2024-03-07 09:46:56,24.62,43.24,523.26
2024-03-07 09:51:56,29.31,61.41,818.02
2024-03-07 09:56:56,27.61,35.8,1455.55
2024-03-07 10:01:56,29.86,58.04,744.84
2024-03-07 10:06:56,24.13,57.78,1404.94
2024-03-07 10:11:56,28.06,37.37,590.9
2024-03-07 10:16:56,22.15,32.29,599.4
2024-03-07 10:21:56,28.33,48.98,1768.33
2024-03-07 10:26:56,27.02,62.66,1508.5
2024-03-07 10:31:56,24.37,59.0,466.83
2024-03-07 10:36:56,25.77,37.15,934.27
2024-03-07 10:41:56,30.58,42.86,1787.95
2024-03-07 10:46:56,25.1,39.48,590.86
2024-03-07 10:51:56,29.9,40.26,1338.31
2024-03-07 10:56:56,30.34,38.63,1606.89
2024-03-07 11:01:56,24.23,48.11,1290.53
2024-03-07 11:06:56,29.92,62.61,1611.36
2024-03-07 11:11:56,31.09,34.49,787.44
2024-03-07 11:16:56,23.67,32.33,1587.48
2024-03-07 11:21:56,24.99,68.97,759.79
2024-03-07 11:26:56,24.07,53.89,843.16
2024-03-07 11:31:56,31.44,44.51,1941.86
2024-03-07 11:36:56,30.17,49.33,1612.74
2024-03-07 11:41:56,23.99,50.2,613.33
2024-03-07 11:46:56,23.71,42.28,445.54
2024-03-07 11:51:56,31.61,33.15,1953.68
2024-03-07 11:56:56,24.17,69.34,534.7
2024-03-07 12:01:56,22.0,52.9,871.45
2024-03-07 12:06:56,30.48,62.6,1462.71
2024-03-07 12:11:56,27.1,66.14,605.26
2024-03-07 12:16:56,31.24,53.19,1188.23
2024-03-07 12:21:56,22.07,62.31,1274.06
2024-03-07 12:26:56,27.39,31.24,1006.84
2024-03-07 12:31:56,27.26,50.27,914.66
2024-03-07 12:36:56,31.94,47.09,1854.87
2024-03-07 12:41:56,23.95,41.43,815.66
2024-03-07 12:46:56,26.56,30.05,1512.33
2024-03-07 12:51:56,31.27,39.26,1251.05
2024-03-07 12:56:56,22.19,52.02,1769.66
2024-03-07 13:01:56,28.66,39.26,703.11
2024-03-07 13:06:56,24.23,36.63,973.38
2024-03-07 13:11:56,23.91,54.31,530.36
2024-03-07 13:16:56,23.2,57.14,1972.04
2024-03-07 13:21:56,24.39,32.82,625.15
2024-03-07 13:26:56,24.36,54.17,1355.37
2024-03-07 13:31:56,29.66,43.19,1565.48
2024-03-07 13:36:56,22.53,68.39,1090.72
2024-03-07 13:41:56,26.3,32.34,876.48
2024-03-07 13:46:56,29.33,66.95,950.9
2024-03-07 13:51:56,23.27,59.91,515.29
2024-03-07 13:56:56,30.84,43.19,657.72
2024-03-07 14:01:56,31.24,49.72,1302.72
2024-03-07 14:06:56,28.92,39.1,1449.23
2024-03-07 14:11:56,31.9,51.89,1183.35
2024-03-07 14:16:56,30.58,40.96,1796.38
2024-03-07 14:21:56,31.95,47.77,446.03
2024-03-07 14:26:56,27.85,64.08,1588.43
2024-03-07 14:31:56,29.86,48.49,747.67
2024-03-07 14:36:56,25.38,53.38,1976.4
2024-03-07 14:41:56,23.72,42.85,1390.47
2024-03-07 14:46:56,24.23,36.55,1880.94
2024-03-07 14:51:56,26.1,53.45,1431.8
2024-03-07 14:56:56,22.27,31.44,1553.48
2024-03-07 15:01:56,26.56,62.33,404.83
2024-03-07 15:06:56,22.96,57.64,876.28
2024-03-07 15:11:56,22.54,37.12,1688.14
2024-03-07 15:16:56,23.73,46.82,1670.11
2024-03-07 15:21:56,27.25,30.04,775.19
2024-03-07 15:26:56,31.87,65.17,1443.92
2024-03-07 15:31:56,28.65,66.69,1142.83
2024-03-07 15:36:56,29.09,42.84,617.3
2024-03-07 15:41:56,31.5,68.6,1727.17
2024-03-07 15:46:56,30.09,67.04,875.55
2024-03-07 15:51:56,23.47,37.23,977.05
2024-03-07 15:56:56,31.26,30.61,525.84
2024-03-07 16:01:56,25.21,39.38,1865.73
2024-03-07 16:06:56,31.43,34.45,922.57
2024-03-07 16:11:56,25.89,58.63,792.56
2024-03-07 16:16:56,27.8,36.74,416.16
2024-03-07 16:21:56,26.37,62.14,1469.4
2024-03-07 16:26:56,26.43,45.24,736.2
2024-03-07 16:31:56,29.03,65.43,1049.97
2024-03-07 16:36:56,31.25,43.93,1774.78
2024-03-07 16:41:56,22.75,30.73,1647.11
2024-03-07 16:46:56,28.94,45.88,1689.76
2024-03-07 16:51:56,28.27,39.08,1650.03
2024-03-07 16:56:56,29.09,44.99,1382.7
2024-03-07 17:01:56,24.16,60.35,446.33
2024-03-07 17:06:56,22.14,34.65,1856.66
2024-03-07 17:11:56,27.06,53.89,459.37
2024-03-07 17:16:56,28.88,69.42,894.92
2024-03-07 17:21:56,28.04,61.46,770.09
2024-03-07 17:26:56,26.03,39.81,572.27
2024-03-07 17:31:56,26.95,57.23,1230.18
2024-03-07 17:36:56,25.34,31.33,1017.79
2024-03-07 17:41:56,28.4,63.56,845.5
2024-03-07 17:46:56,31.76,69.39,1189.06
2024-03-07 17:51:56,31.49,46.65,1134.01
2024-03-07 17:56:56,22.63,69.24,1445.95
2024-03-07 18:01:56,31.36,62.56,820.98
2024-03-07 18:06:56,29.49,35.52,1245.81
2024-03-07 18:11:56,29.83,66.46,1600.38
2024-03-07 18:16:56,25.6,47.48,736.21
2024-03-07 18:21:56,27.11,38.73,1172.03
2024-03-07 18:26:56,23.28,35.5,898.77
2024-03-07 18:31:56,28.75,42.08,1159.75
2024-03-07 18:36:56,30.68,53.25,1556.61
2024-03-07 18:41:56,27.8,38.04,1714.79
2024-03-07 18:46:56,29.32,53.36,1929.21
2024-03-07 18:51:56,31.79,43.25,1168.16
2024-03-07 18:56:56,31.24,38.26,1249.61
2024-03-07 19:01:56,30.33,41.02,1220.68
2024-03-07 19:06:56,23.09,40.69,592.95
2024-03-07 19:11:56,24.73,63.92,632.15
2024-03-07 19:16:56,30.8,39.53,1162.07
2024-03-07 19:21:56,27.63,44.02,1849.12
2024-03-07 19:26:56,22.66,60.2,662.79
2024-03-07 19:31:56,30.15,54.36,475.25
2024-03-07 19:36:56,31.24,47.34,1379.19
2024-03-07 19:41:56,31.77,67.14,407.17
2024-03-07 19:46:56,28.31,62.49,784.19
2024-03-07 19:51:56,27.61,32.66,1803.76
2024-03-07 19:56:56,30.9,39.68,1396.34
2024-03-07 20:01:56,28.51,50.55,791.29
2024-03-07 20:06:56,25.64,64.07,881.6
2024-03-07 20:11:56,23.86,32.24,1702.18
2024-03-07 20:16:56,28.33,33.79,964.43
2024-03-07 20:21:56,27.93,45.95,528.72
2024-03-07 20:26:56,25.16,38.7,1874.73
2024-03-07 20:31:56,26.72,40.97,404.77
2024-03-07 20:36:56,31.19,56.33,1383.29
2024-03-07 20:41:56,30.76,57.42,1405.17
2024-03-07 20:46:56,26.02,58.87,801.77
2024-03-07 20:51:56,29.61,58.39,848.31
2024-03-07 20:56:56,31.38,41.36,723.01
2024-03-07 21:01:56,28.53,44.61,1932.02
2024-03-07 21:06:56,31.73,66.61,1881.14
2024-03-07 21:11:56,30.16,63.46,1097.94
2024-03-07 21:16:56,26.25,39.87,1791.23
2024-03-07 21:21:56,29.37,32.93,1462.72
2024-03-07 21:26:56,30.62,63.78,543.76
2024-03-07 21:31:56,26.27,68.15,741.92
2024-03-07 21:36:56,26.18,39.43,867.28
2024-03-07 21:41:56,28.36,34.27,1872.81
2024-03-07 21:46:56,24.25,44.13,1874.15
2024-03-07 21:51:56,30.19,33.78,846.41
2024-03-07 21:56:56,24.77,66.23,1316.23
2024-03-07 22:01:56,23.65,64.42,762.44
2024-03-07 22:06:56,29.07,50.56,1152.72
2024-03-07 22:11:56,25.54,64.43,1433.27
2024-03-07 22:16:56,25.32,38.0,1886.98
2024-03-07 22:21:56,28.81,48.58,629.27
2024-03-07 22:26:56,25.56,65.12,1997.56
2024-03-07 22:31:56,28.23,42.66,1934.21
2024-03-07 22:36:56,22.85,55.97,856.13
2024-03-07 22:41:56,27.0,52.68,1217.46
2024-03-07 22:46:56,22.76,55.48,1187.99
2024-03-07 22:51:56,25.51,66.91,462.29
2024-03-07 22:56:56,30.8,51.19,777.26
2024-03-07 23:01:56,26.02,33.92,1595.48
2024-03-07 23:06:56,23.89,37.78,1973.11
2024-03-07 23:11:56,27.05,62.61,631.38
2024-03-07 23:16:56,25.87,32.59,1890.92
2024-03-07 23:21:56,23.43,36.6,1850.34
2024-03-07 23:26:56,24.81,62.49,1614.21
2024-03-07 23:31:56,25.55,49.96,680.52
2024-03-07 23:36:56,28.14,52.31,1616.82
2024-03-07 23:41:56,24.91,56.86,899.81
2024-03-07 23:46:56,31.91,33.04,1555.94
2024-03-07 23:51:56,27.06,45.42,906.89
2024-03-07 23:56:56,22.4,30.28,1460.36
2024-03-08 00:01:56,23.69,30.23,1442.82
2024-03-08 00:06:56,23.43,31.78,1728.02
2024-03-08 00:11:56,23.88,63.29,1266.73
2024-03-08 00:16:56,26.04,34.87,1209.16
2024-03-08 00:21:56,31.21,46.87,1197.07
2024-03-08 00:26:56,25.79,58.07,1341.78
2024-03-08 00:31:56,22.04,43.93,568.35
2024-03-08 00:36:56,30.2,59.24,1708.13
2024-03-08 00:41:56,23.66,39.0,590.54
2024-03-08 00:46:56,29.6,63.55,1615.69
2024-03-08 00:51:56,24.14,37.96,1658.35
2024-03-08 00:56:56,26.45,65.8,480.26
2024-03-08 01:01:56,22.3,57.45,1209.96
2024-03-08 01:06:56,27.29,56.42,1609.54
2024-03-08 01:11:56,25.72,68.34,1180.7
2024-03-08 01:16:56,28.98,56.88,1981.18
2024-03-08 01:21:56,26.98,37.21,1008.71
2024-03-08 01:26:56,29.41,62.93,1814.78
2024-03-08 01:31:56,24.12,58.39,1384.62
2024-03-08 01:36:56,26.55,51.56,754.31
2024-03-08 01:41:56,29.5,33.34,1202.4
2024-03-08 01:46:56,30.05,42.0,762.31
2024-03-08 01:51:56,22.45,59.14,1425.99
2024-03-08 01:56:56,27.35,62.58,1477.97
2024-03-08 02:01:56,22.34,42.85,1253.73
2024-03-08 02:06:56,22.81,33.13,1096.0
2024-03-08 02:11:56,30.22,44.85,1521.75
2024-03-08 02:16:56,22.53,35.3,1863.97
2024-03-08 02:21:56,29.31,39.94,1163.79
2024-03-08 02:26:56,22.62,57.93,556.23
2024-03-08 02:31:56,30.9,46.23,577.65
2024-03-08 02:36:56,22.8,58.1,616.28
2024-03-08 02:41:56,31.29,37.31,937.03
2024-03-08 02:46:56,29.33,47.57,1390.66
2024-03-08 02:51:56,24.58,51.86,768.99
2024-03-08 02:56:56,25.97,50.45,833.29
2024-03-08 03:01:56,24.31,53.39,751.15
2024-03-08 03:06:56,25.78,52.87,738.58
2024-03-08 03:11:56,25.6,61.28,993.92
2024-03-08 03:16:56,22.48,62.44,1289.72
2024-03-08 03:21:56,29.45,47.72,1304.1
2024-03-08 03:26:56,25.15,52.31,977.37
2024-03-08 03:31:56,29.85,60.5,665.57
2024-03-08 03:36:56,22.14,69.7,942.51
2024-03-08 03:41:56,22.47,38.59,863.26
2024-03-08 03:46:56,27.69,63.02,859.62
2024-03-08 03:51:56,26.74,42.17,1841.03
2024-03-08 03:56:56,27.03,53.74,764.49
2024-03-08 04:01:56,31.62,39.93,1971.74
2024-03-08 04:06:56,31.72,54.31,645.88
2024-03-08 04:11:56,31.85,38.39,1976.64
2024-03-08 04:16:56,31.38,59.23,1533.63
2024-03-08 04:21:56,22.34,62.57,743.72
2024-03-08 04:26:56,22.32,64.01,791.37
2024-03-08 04:31:56,30.34,44.21,1915.28
2024-03-08 04:36:56,29.21,42.09,1199.36
2024-03-08 04:41:56,31.28,50.08,1315.02
2024-03-08 04:46:56,26.15,62.62,1462.34
2024-03-08 04:51:56,24.3,66.77,581.41
2024-03-08 04:56:56,26.13,57.3,824.3
2024-03-08 05:01:56,27.97,31.24,1006.6
2024-03-08 05:06:56,30.05,51.55,850.78
2024-03-08 05:11:56,31.68,61.43,846.65
2024-03-08 05:16:56,28.27,68.4,616.93
2024-03-08 05:21:56,24.97,56.98,1705.83
2024-03-08 05:26:56,24.98,61.98,1206.34
2024-03-08 05:31:56,29.47,32.33,1632.14
2024-03-08 05:36:56,23.02,46.73,1465.1
2024-03-08 05:41:56,22.51,46.7,1548.23
2024-03-08 05:46:56,27.27,54.24,902.9
2024-03-08 05:51:56,22.07,47.73,551.64
2024-03-08 05:56:56,31.86,65.8,776.73
2024-03-08 06:01:56,22.16,48.07,460.78
2024-03-08 06:06:56,28.8,66.45,1791.51
2024-03-08 06:11:56,27.82,59.58,830.37
2024-03-08 06:16:56,27.05,45.37,974.75
2024-03-08 06:21:56,27.05,61.23,1344.19
2024-03-08 06:26:56,30.3,45.43,1955.37
2024-03-08 06:31:56,30.26,55.21,558.07
2024-03-08 06:36:56,29.75,37.1,750.12
2024-03-08 06:41:56,25.2,32.25,1606.27
2024-03-08 06:46:56,28.57,37.34,690.5
2024-03-08 06:51:56,28.03,60.38,784.83
2024-03-08 06:56:56,23.98,54.22,908.54
2024-03-08 07:01:56,27.18,34.45,1240.07
2024-03-08 07:06:56,24.75,35.45,1690.73
2024-03-08 07:11:56,23.37,32.47,1133.32
2024-03-08 07:16:56,30.42,45.46,1514.81
2024-03-08 07:21:56,25.37,41.66,614.04
2024-03-08 07:26:56,28.13,39.85,714.6
2024-03-08 07:31:56,30.67,32.24,1900.73
2024-03-08 07:36:56,29.95,49.23,1054.61
2024-03-08 07:41:56,31.55,44.55,1861.37
2024-03-08 07:46:56,28.51,45.55,1424.21
2024-03-08 07:51:56,24.75,41.66,629.8
2024-03-08 07:56:56,30.66,31.41,1781.9
2024-03-08 08:01:56,25.89,31.77,1575.32
2024-03-08 08:06:56,28.13,60.01,994.23
2024-03-08 08:11:56,25.83,32.06,1495.78
2024-03-08 08:16:56,31.16,48.83,1814.6
2024-03-08 08:21:56,27.08,30.81,1257.81
2024-03-08 08:26:56,28.54,31.78,1659.48
2024-03-08 08:31:56,22.38,49.55,1797.75
2024-03-08 08:36:56,22.36,57.88,831.65
2024-03-08 08:41:56,31.51,44.34,1088.99
2024-03-08 08:46:56,23.93,40.54,1401.21
2024-03-08 08:51:56,27.69,37.76,415.87
2024-03-08 08:56:56,31.84,67.13,1517.31
2024-03-08 09:01:56,30.28,67.35,1568.39
2024-03-08 09:06:56,25.2,61.22,434.37
2024-03-08 09:11:56,28.81,64.32,971.82
2024-03-08 09:16:56,31.53,55.19,946.21
2024-03-08 09:21:56,31.55,60.06,1523.93
2024-03-08 09:26:56,30.12,50.51,1196.67
2024-03-08 09:31:56,29.34,38.15,1605.36
2024-03-08 09:36:56,27.6,41.99,1918.6
2024-03-08 09:41:56,28.99,66.76,1671.45
2024-03-08 09:46:56,30.49,45.86,1483.26
2024-03-08 09:51:56,26.02,43.7,1421.75
2024-03-08 09:56:56,31.53,31.21,940.24
2024-03-08 10:01:56,25.87,42.6,1022.21
2024-03-08 10:06:56,30.29,57.17,1184.14
2024-03-08 10:11:56,29.97,48.26,1014.91
2024-03-08 10:16:56,24.24,48.15,1923.23
2024-03-08 10:21:56,25.66,65.19,1547.88
2024-03-08 10:26:56,22.51,57.64,968.52
2024-03-08 10:31:56,29.68,53.69,1322.22
2024-03-08 10:36:56,24.1,42.24,814.32
2024-03-08 10:41:56,24.21,54.45,1328.22
2024-03-08 10:46:56,30.05,42.9,1472.66
2024-03-08 10:51:56,26.47,64.85,546.61
2024-03-08 10:56:56,31.63,39.13,565.51
2024-03-08 11:01:56,22.06,30.44,686.05
2024-03-08 11:06:56,29.17,39.71,1655.79
2024-03-08 11:11:56,29.37,69.45,584.2
2024-03-08 11:16:56,24.87,45.31,622.34
2024-03-08 11:21:56,25.46,63.58,575.73
2024-03-08 11:26:56,30.75,41.03,1071.39
2024-03-08 11:31:56,29.91,67.61,1115.02
2024-03-08 11:36:56,24.92,45.59,422.29
2024-03-08 11:41:56,29.48,58.43,1762.06
2024-03-08 11:46:56,30.18,69.31,753.47
2024-03-08 11:51:56,24.05,64.93,1070.47
2024-03-08 11:56:56,28.6,42.21,777.74
2024-03-08 12:01:56,25.62,49.42,883.91
2024-03-08 12:06:56,30.58,54.23,1824.64
2024-03-08 12:11:56,24.84,59.87,1537.27
2024-03-08 12:16:56,29.28,65.98,883.64
2024-03-08 12:21:56,28.69,65.49,725.34
2024-03-08 12:26:56,23.28,51.63,1287.59
2024-03-08 12:31:56,24.4,32.89,1305.23
2024-03-08 12:36:56,31.46,52.73,1838.61
2024-03-08 12:41:56,29.06,65.65,406.32
2024-03-08 12:46:56,31.58,46.25,1337.67
2024-03-08 12:51:56,22.31,61.41,1674.42
2024-03-08 12:56:56,25.26,68.5,1751.61
2024-03-08 13:01:56,23.97,59.57,457.15
2024-03-08 13:06:56,22.78,33.35,1139.46
2024-03-08 13:11:56,22.79,34.46,768.67
2024-03-08 13:16:56,23.29,30.84,525.69
2024-03-08 13:21:56,24.47,42.48,1935.16
2024-03-08 13:26:56,25.41,62.31,1825.12
2024-03-08 13:31:56,28.83,40.46,787.15
2024-03-08 13:36:56,22.14,37.45,504.57
2024-03-08 13:41:56,22.65,66.76,435.04
2024-03-08 13:46:56,22.92,41.44,1843.51
2024-03-08 13:51:56,24.2,46.49,714.96
2024-03-08 13:56:56,22.11,32.6,627.55
2024-03-08 14:01:56,26.36,63.75,1732.72
2024-03-08 14:06:56,24.32,44.63,461.51
2024-03-08 14:11:56,23.72,42.45,1213.73
2024-03-08 14:16:56,29.7,48.14,637.8
2024-03-08 14:21:56,31.38,66.14,1766.74
2024-03-08 14:26:56,22.47,61.88,1105.12
2024-03-08 14:31:56,30.98,31.05,772.91
2024-03-08 14:36:56,28.48,47.83,1821.92
2024-03-08 14:41:56,25.88,45.17,1980.06
2024-03-08 14:46:56,29.95,66.43,1489.82
2024-03-08 14:51:56,25.16,46.12,1296.62
2024-03-08 14:56:56,23.61,58.3,1403.53
2024-03-08 15:01:56,25.06,67.9,1701.59
2024-03-08 15:06:56,24.48,64.11,1495.62
2024-03-08 15:11:56,22.19,51.23,1751.64
2024-03-08 15:16:56,29.87,40.43,1151.9
2024-03-08 15:21:56,22.05,47.49,814.94
2024-03-08 15:26:56,28.73,30.92,1281.83
2024-03-08 15:31:56,31.3,50.57,778.88
2024-03-08 15:36:56,28.34,43.4,443.55
2024-03-08 15:41:56,26.27,40.28,1215.87
2024-03-08 15:46:56,30.01,32.59,1723.47
2024-03-08 15:51:56,25.72,53.17,1289.61
2024-03-08 15:56:56,25.49,60.86,463.94
2024-03-08 16:01:56,28.76,64.87,1412.85
2024-03-08 16:06:56,27.93,34.49,608.07
2024-03-08 16:11:56,30.3,34.56,1844.36
2024-03-08 16:16:56,28.19,31.46,515.23
2024-03-08 16:21:56,22.58,37.09,743.46
2024-03-08 16:26:56,27.12,35.73,1593.45
2024-03-08 16:31:56,28.42,33.49,857.62
2024-03-08 16:36:56,24.58,46.58,1880.88
2024-03-08 16:41:56,28.43,37.9,1300.02
2024-03-08 16:46:56,31.57,41.46,1141.71
2024-03-08 16:51:56,30.17,40.66,614.87
2024-03-08 16:56:56,24.93,66.04,676.26
2024-03-08 17:01:56,30.04,34.41,1016.87
2024-03-08 17:06:56,24.82,37.34,531.08
2024-03-08 17:11:56,25.01,61.49,1218.82
2024-03-08 17:16:56,25.61,32.18,479.33
2024-03-08 17:21:56,29.93,67.36,1455.09
2024-03-08 17:26:56,31.99,41.96,1170.82
2024-03-08 17:31:56,29.16,62.6,1695.87
2024-03-08 17:36:56,30.78,30.41,1078.08
2024-03-08 17:41:56,27.47,34.3,814.98
2024-03-08 17:46:56,23.94,64.6,1647.79
2024-03-08 17:51:56,31.06,58.7,867.42
2024-03-08 17:56:56,28.79,43.92,1065.17
2024-03-08 18:01:56,31.74,64.09,1532.93
2024-03-08 18:06:56,29.17,69.09,825.06
2024-03-08 18:11:56,31.33,48.0,1397.08
2024-03-08 18:16:56,24.43,44.8,478.86
2024-03-08 18:21:56,25.21,68.2,428.86
2024-03-08 18:26:56,26.22,68.16,457.18
2024-03-08 18:31:56,24.08,56.87,1575.77
2024-03-08 18:36:56,30.88,50.14,538.79
2024-03-08 18:41:56,28.02,67.73,1420.45
2024-03-08 18:46:56,25.18,61.56,1803.92
2024-03-08 18:51:56,28.26,31.69,1792.24
2024-03-08 18:56:56,24.35,48.89,816.1
2024-03-08 19:01:56,22.77,49.19,785.27
2024-03-08 19:06:56,23.29,65.44,845.04
2024-03-08 19:11:56,31.6,56.87,1488.34
2024-03-08 19:16:56,29.31,31.24,1425.48
2024-03-08 19:21:56,24.54,36.6,795.15
2024-03-08 19:26:56,27.16,68.27,471.65
2024-03-08 19:31:56,30.89,53.89,1753.55
2024-03-08 19:36:56,25.61,52.26,888.59
2024-03-08 19:41:56,22.65,33.91,477.87
2024-03-08 19:46:56,26.96,36.26,568.98
2024-03-08 19:51:56,22.77,37.59,1437.93
2024-03-08 19:56:56,23.39,69.3,898.57
2024-03-08 20:01:56,27.64,32.78,520.89
2024-03-08 20:06:56,31.43,53.99,507.32
2024-03-08 20:11:56,26.03,42.95,802.44
2024-03-08 20:16:56,31.71,52.2,1710.19
2024-03-08 20:21:56,24.18,36.52,1944.1
2024-03-08 20:26:56,25.82,42.27,526.46
2024-03-08 20:31:56,27.93,41.09,1407.76
2024-03-08 20:36:56,22.7,49.63,568.28
2024-03-08 20:41:56,23.69,54.36,687.2
2024-03-08 20:46:56,24.64,57.61,1245.21
2024-03-08 20:51:56,30.8,39.92,1359.91
2024-03-08 20:56:56,23.48,61.3,1108.98
2024-03-08 21:01:56,26.53,37.31,1231.61
2024-03-08 21:06:56,29.34,51.22,820.72
2024-03-08 21:11:56,30.41,50.8,950.82
2024-03-08 21:16:56,23.49,34.62,1590.48
2024-03-08 21:21:56,30.06,45.05,944.12
2024-03-08 21:26:56,25.1,59.06,1698.7
2024-03-08 21:31:56,23.72,48.62,1735.41
2024-03-08 21:36:56,26.11,47.73,565.44
2024-03-08 21:41:56,25.58,37.79,1997.92
2024-03-08 21:46:56,28.68,67.7,1451.67
2024-03-08 21:51:56,24.08,56.82,1497.09
2024-03-08 21:56:56,31.16,60.32,494.19
2024-03-08 22:01:56,27.59,48.98,852.98
2024-03-08 22:06:56,27.39,33.43,717.87
2024-03-08 22:11:56,26.8,34.99,1783.36
2024-03-08 22:16:56,30.51,51.23,1835.09
2024-03-08 22:21:56,25.85,68.61,1570.43
2024-03-08 22:26:56,28.45,65.39,617.19
2024-03-08 22:31:56,28.85,32.1,1302.04
2024-03-08 22:36:56,26.67,34.19,850.69
2024-03-08 22:41:56,27.63,39.99,1640.68
2024-03-08 22:46:56,24.09,55.26,1160.74
2024-03-08 22:51:56,26.02,60.16,1118.89
2024-03-08 22:56:56,28.34,59.38,1737.93
2024-03-08 23:01:56,29.59,49.38,1281.77
2024-03-08 23:06:56,23.28,57.91,786.54
2024-03-08 23:11:56,30.5,57.16,589.32
2024-03-08 23:16:56,31.26,57.14,1783.88
2024-03-08 23:21:56,26.82,40.77,1397.81
2024-03-08 23:26:56,30.98,60.17,1594.19
2024-03-08 23:31:56,26.84,39.49,978.86
2024-03-08 23:36:56,23.77,32.8,1792.83
2024-03-08 23:41:56,23.28,56.1,1102.95
2024-03-08 23:46:56,27.17,54.05,523.62
2024-03-08 23:51:56,28.65,44.46,1231.69
2024-03-08 23:56:56,31.37,52.32,993.24
2024-03-09 00:01:56,23.33,34.82,784.56
2024-03-09 00:06:56,30.25,30.37,1236.54
2024-03-09 00:11:56,27.64,57.54,1120.62
2024-03-09 00:16:56,29.59,31.3,1199.68
2024-03-09 00:21:56,25.17,49.14,1638.6
2024-03-09 00:26:56,28.36,32.93,777.62
2024-03-09 00:31:56,28.94,58.22,1783.85
2024-03-09 00:36:56,23.48,54.15,1200.04
2024-03-09 00:41:56,30.85,39.64,1760.4
2024-03-09 00:46:56,30.37,60.59,744.25
2024-03-09 00:51:56,30.84,69.81,1640.96
2024-03-09 00:56:56,28.97,67.45,1804.97
2024-03-09 01:01:56,28.98,65.41,1103.39
2024-03-09 01:06:56,25.66,37.41,1707.51
2024-03-09 01:11:56,23.46,57.08,1119.49
2024-03-09 01:16:56,24.76,68.28,1649.07
2024-03-09 01:21:56,24.8,58.54,886.25
2024-03-09 01:26:56,29.36,33.73,1054.05
2024-03-09 01:31:56,23.65,50.98,1719.77
2024-03-09 01:36:56,29.26,61.89,1465.42
2024-03-09 01:41:56,30.47,31.56,1695.86
2024-03-09 01:46:56,23.1,42.54,1347.36
2024-03-09 01:51:56,24.71,66.99,1918.14
2024-03-09 01:56:56,30.65,32.53,1746.83
2024-03-09 02:01:56,25.24,61.07,833.26
2024-03-09 02:06:56,25.77,37.98,1430.02
2024-03-09 02:11:56,31.52,40.11,1806.11
2024-03-09 02:16:56,28.81,67.76,612.71
2024-03-09 02:21:56,27.0,53.66,868.94
2024-03-09 02:26:56,31.82,37.84,1143.97
2024-03-09 02:31:56,28.72,67.08,657.19
2024-03-09 02:36:56,23.88,34.44,1957.0
2024-03-09 02:41:56,30.39,60.41,1556.46
2024-03-09 02:46:56,24.58,32.4,1812.4
2024-03-09 02:51:56,25.02,33.46,1111.48
2024-03-09 02:56:56,27.45,52.22,845.53
2024-03-09 03:01:56,26.29,47.56,404.36
2024-03-09 03:06:56,23.58,54.65,1872.53
2024-03-09 03:11:56,27.37,58.75,1494.67
2024-03-09 03:16:56,29.74,61.97,1592.25
2024-03-09 03:21:56,29.69,30.01,420.1
2024-03-09 03:26:56,24.22,66.39,479.51
2024-03-09 03:31:56,25.17,53.94,1601.02
2024-03-09 03:36:56,25.96,65.04,550.52
2024-03-09 03:41:56,24.23,32.98,1782.54
2024-03-09 03:46:56,30.54,32.79,509.88
2024-03-09 03:51:56,23.74,38.48,1865.3
2024-03-09 03:56:56,30.04,66.93,1085.61
2024-03-09 04:01:56,23.82,34.99,859.37
2024-03-09 04:06:56,30.13,69.0,1734.4
2024-03-09 04:11:56,25.28,47.29,1531.59
2024-03-09 04:16:56,27.93,33.35,699.99
2024-03-09 04:21:56,30.64,48.29,1405.05
2024-03-09 04:26:56,26.68,45.33,1760.58
2024-03-09 04:31:56,23.8,59.32,1207.82
2024-03-09 04:36:56,30.83,42.18,1177.53
2024-03-09 04:41:56,23.08,64.42,455.45
2024-03-09 04:46:56,23.36,68.78,821.83
2024-03-09 04:51:56,23.49,36.62,1902.31
2024-03-09 04:56:56,23.67,35.71,1279.23
2024-03-09 05:01:56,30.45,69.9,614.01
2024-03-09 05:06:56,29.53,61.98,715.64
2024-03-09 05:11:56,30.41,66.98,1621.95
2024-03-09 05:16:56,28.32,40.25,1610.2
2024-03-09 05:21:56,23.33,33.01,1925.06
2024-03-09 05:26:56,22.59,58.3,1678.66
2024-03-09 05:31:56,27.64,59.82,1537.85
2024-03-09 05:36:56,23.68,57.1,1061.56
2024-03-09 05:41:56,26.0,60.94,459.94
2024-03-09 05:46:56,31.35,69.37,707.51
2024-03-09 05:51:56,23.69,34.21,1616.22
2024-03-09 05:56:56,23.82,56.86,1700.49
2024-03-09 06:01:56,22.49,32.53,1675.31
2024-03-09 06:06:56,25.45,48.1,1341.8
2024-03-09 06:11:56,31.67,62.45,1165.6
2024-03-09 06:16:56,31.79,36.25,523.59
2024-03-09 06:21:56,25.67,59.48,683.4
2024-03-09 06:26:56,31.94,51.97,1931.49
2024-03-09 06:31:56,30.91,44.58,1413.35
2024-03-09 06:36:56,25.34,45.16,1860.63
2024-03-09 06:41:56,29.93,50.88,1139.37
2024-03-09 06:46:56,22.29,35.1,1373.31
2024-03-09 06:51:56,25.24,64.47,1920.86
2024-03-09 06:56:56,28.37,57.26,531.9
2024-03-09 07:01:56,23.2,69.54,792.86
2024-03-09 07:06:56,25.46,58.46,993.88
2024-03-09 07:11:56,25.14,50.44,1483.76
2024-03-09 07:16:56,31.24,50.92,609.73
2024-03-09 07:21:56,24.93,59.82,736.2
2024-03-09 07:26:56,27.2,30.43,518.07
2024-03-09 07:31:56,30.22,58.6,435.78
2024-03-09 07:36:56,29.35,47.89,1552.51
2024-03-09 07:41:56,23.08,61.19,1569.75
2024-03-09 07:46:56,22.57,43.18,1769.77
2024-03-09 07:51:56,23.43,31.37,908.62
2024-03-09 07:56:56,25.6,38.14,1672.54
2024-03-09 08:01:56,29.1,68.99,517.26
2024-03-09 08:06:56,25.78,38.58,582.49
2024-03-09 08:11:56,31.71,37.79,737.64
2024-03-09 08:16:56,29.05,31.85,1081.32
2024-03-09 08:21:56,31.57,39.24,998.02
2024-03-09 08:26:56,22.48,60.25,727.24
2024-03-09 08:31:56,24.28,62.19,1188.42
2024-03-09 08:36:56,26.62,65.46,1132.42
2024-03-09 08:41:56,28.38,35.27,900.32
2024-03-09 08:46:56,28.48,38.64,661.37
2024-03-09 08:51:56,27.23,49.02,1813.45
2024-03-09 08:56:56,26.46,38.73,1130.91
2024-03-09 09:01:56,27.9,64.71,503.55
2024-03-09 09:06:56,29.87,60.54,1586.49
2024-03-09 09:11:56,29.22,52.45,1819.61
2024-03-09 09:16:56,27.2,39.02,1723.16
2024-03-09 09:21:56,23.74,37.55,620.32
2024-03-09 09:26:56,26.68,55.87,1648.49
2024-03-09 09:31:56,29.95,66.41,1676.45
2024-03-09 09:36:56,31.23,47.57,1921.07
2024-03-09 09:41:56,31.28,31.64,1837.95
2024-03-09 09:46:56,30.33,57.25,1984.72
2024-03-09 09:51:56,31.29,55.72,1813.89
2024-03-09 09:56:56,27.13,35.8,784.69
2024-03-09 10:01:56,22.04,37.66,469.15
2024-03-09 10:06:56,29.89,39.21,1046.16
2024-03-09 10:11:56,30.95,41.91,1200.84
2024-03-09 10:16:56,23.11,33.06,1260.21
2024-03-09 10:21:56,28.25,51.66,1238.04
2024-03-09 10:26:56,29.94,46.98,1337.4
2024-03-09 10:31:56,27.52,54.7,1350.99
2024-03-09 10:36:56,29.78,40.39,1400.79
2024-03-09 10:41:56,30.43,67.12,426.97
2024-03-09 10:46:56,23.33,49.86,782.0
2024-03-09 10:51:56,23.57,55.16,1966.85
2024-03-09 10:56:56,25.58,44.18,1577.5
2024-03-09 11:01:56,22.52,57.5,564.39
2024-03-09 11:06:56,26.07,63.41,943.38
2024-03-09 11:11:56,25.81,42.98,1129.63
2024-03-09 11:16:56,25.59,43.66,854.77
2024-03-09 11:21:56,28.37,63.73,1375.45
2024-03-09 11:26:56,27.4,53.64,1245.07
2024-03-09 11:31:56,24.94,48.56,1359.84
2024-03-09 11:36:56,25.73,45.83,1603.16
2024-03-09 11:41:56,24.56,64.45,1839.56
2024-03-09 11:46:56,30.92,53.35,1888.76
2024-03-09 11:51:56,30.12,40.7,1501.55
2024-03-09 11:56:56,30.82,31.72,1380.41
2024-03-09 12:01:56,30.19,55.23,1777.69
2024-03-09 12:06:56,22.8,60.85,716.29
2024-03-09 12:11:56,27.39,63.1,812.42
2024-03-09 12:16:56,30.95,58.28,1698.69
2024-03-09 12:21:56,23.08,53.74,1546.64
2024-03-09 12:26:56,25.05,30.87,1956.28
2024-03-09 12:31:56,28.06,56.67,1067.57
2024-03-09 12:36:56,26.3,55.95,1626.45
2024-03-09 12:41:56,24.13,46.21,1570.69
2024-03-09 12:46:56,22.38,44.3,1454.94
2024-03-09 12:51:56,29.03,66.71,1431.09
2024-03-09 12:56:56,31.43,35.87,581.09
2024-03-09 13:01:56,27.19,43.36,1249.68
2024-03-09 13:06:56,26.3,66.79,1256.65
2024-03-09 13:11:56,27.24,65.54,765.17
2024-03-09 13:16:56,22.88,66.62,1474.46
2024-03-09 13:21:56,26.11,32.26,1060.98
2024-03-09 13:26:56,29.51,51.88,875.11
2024-03-09 13:31:56,24.81,64.69,1810.6
2024-03-09 13:36:56,22.37,43.41,826.74
2024-03-09 13:41:56,28.29,53.62,1195.82
2024-03-09 13:46:56,30.27,53.03,1210.96
2024-03-09 13:51:56,23.35,69.6,1140.68
2024-03-09 13:56:56,22.95,33.4,1062.38
2024-03-09 14:01:56,28.98,43.42,1983.17
2024-03-09 14:06:56,27.3,41.84,812.92
2024-03-09 14:11:56,30.28,69.82,1228.51
2024-03-09 14:16:56,24.31,35.69,1615.09
2024-03-09 14:21:56,28.34,55.03,505.83
2024-03-09 14:26:56,26.23,31.66,1334.34
2024-03-09 14:31:56,23.54,64.94,1391.58
2024-03-09 14:36:56,24.95,34.76,1599.97
2024-03-09 14:41:56,31.39,32.15,1884.98
2024-03-09 14:46:56,26.05,40.93,788.87
2024-03-09 14:51:56,28.95,55.41,1202.79
2024-03-09 14:56:56,29.83,68.03,1589.11
2024-03-09 15:01:56,22.41,40.98,938.91
2024-03-09 15:06:56,27.32,47.87,1057.25
2024-03-09 15:11:56,26.35,36.41,590.09
2024-03-09 15:16:56,22.06,58.1,1970.6
2024-03-09 15:21:56,29.68,60.29,1387.28
2024-03-09 15:26:56,28.67,42.29,1692.74
2024-03-09 15:31:56,27.54,62.44,1396.67
2024-03-09 15:36:56,23.02,59.74,1193.86
2024-03-09 15:41:56,25.11,44.73,401.44
2024-03-09 15:46:56,27.06,57.39,1047.1
2024-03-09 15:51:56,22.7,36.81,1224.64
2024-03-09 15:56:56,25.72,57.51,1582.47
2024-03-09 16:01:56,22.08,40.35,701.94
2024-03-09 16:06:56,26.59,56.56,1239.76
2024-03-09 16:11:56,27.9,53.9,1207.46
2024-03-09 16:16:56,31.11,49.58,1624.58
2024-03-09 16:21:56,23.27,40.14,872.63
2024-03-09 16:26:56,24.07,63.95,1054.55
2024-03-09 16:31:56,24.62,42.46,1172.38
2024-03-09 16:36:56,26.67,50.23,1304.01
2024-03-09 16:41:56,31.53,33.0,492.14
2024-03-09 16:46:56,24.79,46.99,1288.73
2024-03-09 16:51:56,27.77,47.83,1611.5
2024-03-09 16:56:56,27.13,32.24,901.52
2024-03-09 17:01:56,22.91,44.64,567.52
2024-03-09 17:06:56,29.27,46.02,1161.92
2024-03-09 17:11:56,23.9,60.24,596.15
2024-03-09 17:16:56,29.48,57.12,1836.18
2024-03-09 17:21:56,24.62,31.4,1554.32
2024-03-09 17:26:56,24.05,65.33,950.3
2024-03-09 17:31:56,26.63,68.54,1032.15
2024-03-09 17:36:56,30.53,69.92,1732.23
2024-03-09 17:41:56,24.3,50.33,1431.19
2024-03-09 17:46:56,27.07,30.18,1217.01
2024-03-09 17:51:56,28.29,41.2,1234.12
2024-03-09 17:56:56,31.11,31.75,1192.58
2024-03-09 18:01:56,26.95,48.0,1634.39
2024-03-09 18:06:56,30.75,65.42,846.44
2024-03-09 18:11:56,27.06,38.67,883.45
2024-03-09 18:16:56,26.37,46.63,1660.7
2024-03-09 18:21:56,31.78,62.26,1247.71
2024-03-09 18:26:56,25.96,63.34,1703.83
2024-03-09 18:31:56,30.97,47.64,663.06
2024-03-09 18:36:56,28.47,30.31,705.8
2024-03-09 18:41:56,29.16,64.52,1442.29
2024-03-09 18:46:56,28.07,56.67,1981.63
2024-03-09 18:51:56,25.87,56.78,1339.07
2024-03-09 18:56:56,29.43,32.7,1265.37
2024-03-09 19:01:56,28.56,37.45,1496.93
2024-03-09 19:06:56,31.65,47.19,706.71
2024-03-09 19:11:56,30.99,61.6,559.22
2024-03-09 19:16:56,25.09,45.56,711.52
2024-03-09 19:21:56,30.64,40.61,453.9
2024-03-09 19:26:56,30.09,39.3,1023.74
2024-03-09 19:31:56,31.19,39.2,533.76
2024-03-09 19:36:56,26.89,54.33,868.62
2024-03-09 19:41:56,28.17,42.98,546.03
2024-03-09 19:46:56,26.64,55.28,431.43
2024-03-09 19:51:56,29.21,47.89,563.04
2024-03-09 19:56:56,22.74,62.45,1089.1
2024-03-09 20:01:56,29.9,67.93,498.49
2024-03-09 20:06:56,24.69,43.68,413.18
2024-03-09 20:11:56,30.03,50.64,839.57
2024-03-09 20:16:56,23.84,53.58,1146.97
2024-03-09 20:21:56,31.48,32.68,506.43
2024-03-09 20:26:56,26.12,50.96,412.6
2024-03-09 20:31:56,31.23,48.65,918.66
2024-03-09 20:36:56,22.97,49.69,1499.14
2024-03-09 20:41:56,29.5,36.99,1291.7
2024-03-09 20:46:56,30.47,34.64,709.69
2024-03-09 20:51:56,30.22,66.9,1041.15
2024-03-09 20:56:56,31.51,69.06,851.07
2024-03-09 21:01:56,23.92,33.43,699.65
2024-03-09 21:06:56,31.4,44.9,922.59
2024-03-09 21:11:56,31.72,33.38,1989.61
2024-03-09 21:16:56,27.65,30.85,1190.19
2024-03-09 21:21:56,29.83,44.87,1413.73
2024-03-09 21:26:56,22.43,62.96,1549.77
2024-03-09 21:31:56,22.48,59.8,689.55
2024-03-09 21:36:56,22.63,56.28,655.89
2024-03-09 21:41:56,29.74,53.68,644.67
2024-03-09 21:46:56,25.12,61.85,1412.65
2024-03-09 21:51:56,25.63,69.96,904.66
2024-03-09 21:56:56,31.06,52.49,487.76
2024-03-09 22:01:56,27.26,37.15,1602.13
2024-03-09 22:06:56,28.02,53.25,1580.78
2024-03-09 22:11:56,30.52,38.96,1938.6
2024-03-09 22:16:56,28.95,43.31,458.79
2024-03-09 22:21:56,29.47,43.0,1305.5
2024-03-09 22:26:56,31.41,60.67,485.7
2024-03-09 22:31:56,27.03,58.47,487.65
2024-03-09 22:36:56,30.54,51.56,788.18
2024-03-09 22:41:56,27.25,31.9,730.87
2024-03-09 22:46:56,28.23,61.08,901.58
2024-03-09 22:51:56,30.58,32.43,664.18
2024-03-09 22:56:56,30.93,44.42,1661.39
2024-03-09 23:01:56,28.56,41.44,1777.45
2024-03-09 23:06:56,31.55,34.31,708.63
2024-03-09 23:11:56,28.3,54.16,415.59
2024-03-09 23:16:56,27.04,43.85,1017.32
2024-03-09 23:21:56,27.18,52.25,991.56
2024-03-09 23:26:56,28.86,34.4,974.56
2024-03-09 23:31:56,30.33,30.67,1519.49
2024-03-09 23:36:56,27.22,57.36,581.24
2024-03-09 23:41:56,25.43,45.86,725.04
2024-03-09 23:46:56,26.03,48.65,762.67
2024-03-09 23:51:56,23.84,46.8,1070.86
2024-03-09 23:56:56,23.03,42.19,1271.32
2024-03-10 00:01:56,29.97,59.48,1132.89
2024-03-10 00:06:56,26.04,65.23,1159.74
2024-03-10 00:11:56,26.31,37.72,1617.77
2024-03-10 00:16:56,27.22,50.41,1582.89
2024-03-10 00:21:56,31.99,39.83,1975.62
2024-03-10 00:26:56,24.58,66.64,690.32
2024-03-10 00:31:56,31.77,50.35,477.32
2024-03-10 00:36:56,25.45,50.13,1386.66
2024-03-10 00:41:56,26.04,47.17,1810.02
2024-03-10 00:46:56,30.1,46.4,906.35
2024-03-10 00:51:56,31.13,56.39,636.45
2024-03-10 00:56:56,23.89,54.79,1746.74
2024-03-10 01:01:56,28.47,43.49,1547.5
2024-03-10 01:06:56,24.96,57.24,432.19
2024-03-10 01:11:56,22.53,58.44,1899.54
2024-03-10 01:16:56,29.69,45.14,1376.24
2024-03-10 01:21:56,25.62,35.11,1454.03
2024-03-10 01:26:56,30.31,32.83,418.13
2024-03-10 01:31:56,26.98,36.59,1343.48
2024-03-10 01:36:56,22.17,47.9,1227.9
2024-03-10 01:41:56,23.08,44.12,1484.56
2024-03-10 01:46:56,26.87,45.64,1849.19
2024-03-10 01:51:56,26.86,65.25,1410.7
2024-03-10 01:56:56,31.43,57.43,663.54
2024-03-10 02:01:56,25.87,51.15,1528.58
2024-03-10 02:06:56,31.1,60.68,542.44
2024-03-10 02:11:56,30.59,64.79,769.86
2024-03-10 02:16:56,27.81,41.62,1833.31
2024-03-10 02:21:56,22.14,43.58,1383.35
2024-03-10 02:26:56,28.76,57.12,1398.7
2024-03-10 02:31:56,24.83,55.47,1667.54
2024-03-10 02:36:56,22.2,48.41,542.47
2024-03-10 02:41:56,30.7,54.69,1762.3
2024-03-10 02:46:56,30.73,49.5,689.26
2024-03-10 02:51:56,22.32,41.41,1279.52
2024-03-10 02:56:56,25.56,53.85,427.04
2024-03-10 03:01:56,23.62,58.03,1345.77
2024-03-10 03:06:56,30.92,32.47,1965.83
2024-03-10 03:11:56,27.44,58.98,606.21
2024-03-10 03:16:56,27.2,31.48,479.23
2024-03-10 03:21:56,22.14,61.93,1398.65
2024-03-10 03:26:56,31.75,52.54,1263.37
2024-03-10 03:31:56,23.47,64.12,1920.8
2024-03-10 03:36:56,31.01,60.13,754.56
2024-03-10 03:41:56,26.99,55.89,1152.8
2024-03-10 03:46:56,23.2,43.48,1204.94
2024-03-10 03:51:56,25.23,35.65,667.29
2024-03-10 03:56:56,26.63,69.19,1399.63
2024-03-10 04:01:56,28.47,56.02,427.16
2024-03-10 04:06:56,23.0,57.51,624.46
2024-03-10 04:11:56,22.1,42.47,884.05
2024-03-10 04:16:56,27.36,68.46,645.03
2024-03-10 04:21:56,27.67,48.16,1168.3
2024-03-10 04:26:56,22.92,58.34,1476.38
2024-03-10 04:31:56,23.64,50.55,1090.55
2024-03-10 04:36:56,23.06,35.91,1995.53
2024-03-10 04:41:56,26.8,35.01,730.01
2024-03-10 04:46:56,23.66,35.03,1806.1
2024-03-10 04:51:56,26.8,61.26,1694.11
2024-03-10 04:56:56,23.2,30.98,1548.79
2024-03-10 05:01:56,23.48,50.22,1777.48
2024-03-10 05:06:56,27.84,55.66,1937.2
2024-03-10 05:11:56,27.67,47.16,935.04
2024-03-10 05:16:56,25.77,42.24,461.21
2024-03-10 05:21:56,26.96,40.54,1037.23
2024-03-10 05:26:56,30.94,36.96,794.05
2024-03-10 05:31:56,27.91,39.98,1984.88
2024-03-10 05:36:56,27.97,42.97,874.74
2024-03-10 05:41:56,24.65,63.7,586.01
2024-03-10 05:46:56,23.29,68.67,1233.89
2024-03-10 05:51:56,25.04,56.59,1287.02
2024-03-10 05:56:56,24.4,30.65,560.07
2024-03-10 06:01:56,22.12,46.66,1868.3
2024-03-10 06:06:56,25.53,50.77,1569.03
2024-03-10 06:11:56,24.53,63.02,1333.07
2024-03-10 06:16:56,28.98,50.7,1726.91
2024-03-10 06:21:56,27.07,66.52,1670.14
2024-03-10 06:26:56,23.02,52.04,1952.0
2024-03-10 06:31:56,28.6,49.49,884.69
2024-03-10 06:36:56,22.58,61.71,1125.51
2024-03-10 06:41:56,25.95,61.47,1766.2
2024-03-10 06:46:56,30.41,37.72,1338.03
2024-03-10 06:51:56,29.29,44.2,429.34
2024-03-10 06:56:56,24.46,61.27,1946.22
2024-03-10 07:01:56,31.79,57.59,1289.37
2024-03-10 07:06:56,30.19,51.77,1799.75
2024-03-10 07:11:56,30.72,46.71,536.84
2024-03-10 07:16:56,31.52,52.34,1735.99
2024-03-10 07:21:56,31.77,39.99,717.48
2024-03-10 07:26:56,22.88,49.84,1285.48
2024-03-10 07:31:56,25.77,42.77,848.67
2024-03-10 07:36:56,28.07,69.26,1536.63
2024-03-10 07:41:56,28.6,45.13,1206.18
2024-03-10 07:46:56,23.47,53.4,845.55
2024-03-10 07:51:56,22.35,65.37,1859.17
2024-03-10 07:56:56,25.27,30.6,1076.74
2024-03-10 08:01:56,30.35,47.09,454.52
2024-03-10 08:06:56,27.26,63.86,1546.56
2024-03-10 08:11:56,29.95,50.89,1491.63
2024-03-10 08:16:56,30.03,32.05,1281.84
2024-03-10 08:21:56,22.54,33.39,1527.17
2024-03-10 08:26:56,23.66,38.36,1530.54
2024-03-10 08:31:56,30.34,41.28,779.44
2024-03-10 08:36:56,27.68,52.62,469.72
2024-03-10 08:41:56,30.2,48.54,1126.67
2024-03-10 08:46:56,29.69,56.26,1789.89
2024-03-10 08:51:56,32.0,54.61,939.82
2024-03-10 08:56:56,25.12,34.86,1880.87
2024-03-10 09:01:56,29.26,42.54,477.43
2024-03-10 09:06:56,22.36,35.79,1509.76
2024-03-10 09:11:56,24.96,41.19,541.56
2024-03-10 09:16:56,29.5,35.61,1119.88
2024-03-10 09:21:56,29.91,33.03,1827.82
2024-03-10 09:26:56,23.11,41.59,550.45
2024-03-10 09:31:56,25.29,59.92,1574.66
2024-03-10 09:36:56,23.66,60.64,1849.23
2024-03-10 09:41:56,22.61,30.43,1318.88
2024-03-10 09:46:56,28.12,39.43,422.98
2024-03-10 09:51:56,26.19,67.28,627.06
2024-03-10 09:56:56,29.8,37.49,641.0
2024-03-10 10:01:56,25.59,38.56,1764.02
2024-03-10 10:06:56,23.81,65.26,1296.87
2024-03-10 10:11:56,29.31,56.22,826.66
2024-03-10 10:16:56,26.99,57.14,1629.01
2024-03-10 10:21:56,26.53,54.22,869.17
2024-03-10 10:26:56,22.91,56.72,1385.1
2024-03-10 10:31:56,23.4,44.84,475.36
2024-03-10 10:36:56,22.16,64.92,868.66
2024-03-10 10:41:56,29.97,64.21,897.75
2024-03-10 10:46:56,26.41,52.44,1769.1
2024-03-10 10:51:56,26.02,49.65,458.46
2024-03-10 10:56:56,31.99,58.75,1539.28
2024-03-10 11:01:56,27.29,35.84,1325.05
2024-03-10 11:06:56,31.46,43.39,1056.41
2024-03-10 11:11:56,30.28,49.5,1461.67
2024-03-10 11:16:56,27.21,61.15,584.91
2024-03-10 11:21:56,28.9,42.48,818.71
2024-03-10 11:26:56,22.25,50.58,1807.43
2024-03-10 11:31:56,28.72,67.99,546.98
2024-03-10 11:36:56,25.65,35.16,1369.26
2024-03-10 11:41:56,24.35,42.77,1291.16
2024-03-10 11:46:56,27.47,31.05,823.65
2024-03-10 11:51:56,28.67,45.58,847.34
2024-03-10 11:56:56,27.06,46.82,523.66
2024-03-10 12:01:56,26.59,67.7,1866.64
2024-03-10 12:06:56,23.01,47.12,400.25
2024-03-10 12:11:56,30.8,60.15,1098.83
2024-03-10 12:16:56,28.23,47.48,1378.41
2024-03-10 12:21:56,31.17,49.06,535.08
2024-03-10 12:26:56,25.51,48.34,1937.15
2024-03-10 12:31:56,22.37,52.5,477.22
2024-03-10 12:36:56,29.26,68.12,1258.56
2024-03-10 12:41:56,27.38,39.07,1100.11
2024-03-10 12:46:56,30.96,44.56,1316.64
2024-03-10 12:51:56,26.43,46.71,1822.12
2024-03-10 12:56:56,27.07,36.94,1484.38
2024-03-10 13:01:56,24.66,62.77,1542.02
2024-03-10 13:06:56,30.83,39.69,1688.91
2024-03-10 13:11:56,25.64,54.32,671.25
2024-03-10 13:16:56,23.37,62.71,1475.9
2024-03-10 13:21:56,28.44,57.15,696.31
2024-03-10 13:26:56,30.3,67.96,1225.59
2024-03-10 13:31:56,28.77,54.64,946.38
2024-03-10 13:36:56,29.74,53.73,1993.68
2024-03-10 13:41:56,28.81,43.64,1585.73
2024-03-10 13:46:56,26.74,62.27,1271.07
2024-03-10 13:51:56,29.68,52.21,1821.66
2024-03-10 13:56:56,25.01,33.54,838.33
2024-03-10 14:01:56,25.02,60.25,1987.68
2024-03-10 14:06:56,31.85,47.88,416.16
2024-03-10 14:11:56,28.22,51.29,1773.54
2024-03-10 14:16:56,25.53,61.23,1997.11
2024-03-10 14:21:56,28.16,33.08,1774.93
2024-03-10 14:26:56,29.58,48.3,1804.31
2024-03-10 14:31:56,31.66,69.33,546.92
2024-03-10 14:36:56,31.68,56.03,1125.5
2024-03-10 14:41:56,28.95,37.68,1276.42
2024-03-10 14:46:56,29.83,67.87,885.11
2024-03-10 14:51:56,27.0,60.97,1875.13
2024-03-10 14:56:56,23.17,40.01,725.76
2024-03-10 15:01:56,24.8,67.21,1414.4
2024-03-10 15:06:56,26.44,42.74,923.7
2024-03-10 15:11:56,23.92,49.77,1144.59
2024-03-10 15:16:56,29.78,40.12,928.84
2024-03-10 15:21:56,23.35,38.69,1517.74
2024-03-10 15:26:56,27.69,49.2,1089.06
2024-03-10 15:31:56,26.79,39.75,467.54
2024-03-10 15:36:56,24.83,51.97,1767.24
2024-03-10 15:41:56,26.53,56.15,905.93
2024-03-10 15:46:56,22.46,40.01,663.27
2024-03-10 15:51:56,28.92,31.86,1592.98
2024-03-10 15:56:56,27.52,36.05,1786.63
2024-03-10 16:01:56,31.75,35.64,794.49
2024-03-10 16:06:56,22.07,30.55,1855.45
2024-03-10 16:11:56,25.02,53.36,454.58
2024-03-10 16:16:56,28.34,41.2,1031.57
2024-03-10 16:21:56,24.03,51.59,1538.9
2024-03-10 16:26:56,27.33,35.09,1937.66
2024-03-10 16:31:56,29.46,69.78,1799.55
2024-03-10 16:36:56,23.51,68.14,1001.94
2024-03-10 16:41:56,28.77,33.15,1049.98
2024-03-10 16:46:56,22.4,54.45,718.27
2024-03-10 16:51:56,29.5,35.69,502.27
2024-03-10 16:56:56,25.7,38.05,1746.78
2024-03-10 17:01:56,27.65,61.5,1002.78
2024-03-10 17:06:56,24.38,58.56,1076.82
2024-03-10 17:11:56,24.87,57.23,948.63
2024-03-10 17:16:56,22.31,53.15,1344.12
2024-03-10 17:21:56,29.65,49.98,508.38
2024-03-10 17:26:56,29.66,61.28,1825.14
2024-03-10 17:31:56,29.91,43.27,1808.16
2024-03-10 17:36:56,27.75,48.2,1930.49
2024-03-10 17:41:56,27.28,46.48,1817.26
2024-03-10 17:46:56,29.78,57.65,787.15
2024-03-10 17:51:56,31.99,33.4,1083.81
2024-03-10 17:56:56,31.71,54.31,622.87
2024-03-10 18:01:56,29.38,56.99,1149.84
2024-03-10 18:06:56,30.59,36.78,1837.38
2024-03-10 18:11:56,27.11,67.94,1086.18
2024-03-10 18:16:56,28.22,51.49,1376.78
2024-03-10 18:21:56,27.42,54.58,879.01
2024-03-10 18:26:56,28.76,68.76,946.76
2024-03-10 18:31:56,25.61,65.66,1574.94
2024-03-10 18:36:56,31.82,60.62,1868.67
2024-03-10 18:41:56,30.6,44.1,1967.42
2024-03-10 18:46:56,29.93,30.64,1748.62
2024-03-10 18:51:56,23.86,65.14,580.21
2024-03-10 18:56:56,27.97,64.12,1493.7
2024-03-10 19:01:56,28.81,40.7,1024.73
2024-03-10 19:06:56,26.65,58.04,1476.4
2024-03-10 19:11:56,22.38,47.42,875.91
2024-03-10 19:16:56,23.06,36.52,839.29
2024-03-10 19:21:56,26.22,47.75,1954.54
2024-03-10 19:26:56,23.69,38.07,1806.31
2024-03-10 19:31:56,28.14,43.07,707.82
2024-03-10 19:36:56,24.91,41.99,1188.62
2024-03-10 19:41:56,28.86,57.35,1966.74
2024-03-10 19:46:56,25.23,58.76,1117.34
2024-03-10 19:51:56,27.5,64.41,498.36
2024-03-10 19:56:56,23.06,39.62,1968.68
2024-03-10 20:01:56,31.22,35.59,1492.92
2024-03-10 20:06:56,25.3,60.97,876.35
2024-03-10 20:11:56,23.13,30.72,782.05
2024-03-10 20:16:56,31.71,65.98,950.01
2024-03-10 20:21:56,27.66,66.37,1582.25
2024-03-10 20:26:56,23.97,62.51,1532.04
2024-03-10 20:31:56,29.57,41.26,1476.9
2024-03-10 20:36:56,29.06,36.2,1121.88
2024-03-10 20:41:56,31.45,39.88,1579.95
2024-03-10 20:46:56,27.94,68.82,1842.52
2024-03-10 20:51:56,23.85,53.67,1200.51
2024-03-10 20:56:56,27.46,60.16,452.17
2024-03-10 21:01:56,29.44,59.89,1338.75
2024-03-10 21:06:56,30.99,41.83,738.51
2024-03-10 21:11:56,27.49,55.91,1560.74
2024-03-10 21:16:56,22.01,33.99,650.11
2024-03-10 21:21:56,26.11,58.5,452.61
2024-03-10 21:26:56,22.78,46.77,492.16
2024-03-10 21:31:56,24.45,39.11,1935.89
2024-03-10 21:36:56,29.67,58.19,563.54
2024-03-10 21:41:56,27.8,59.49,1167.89
2024-03-10 21:46:56,25.62,51.41,1170.21
2024-03-10 21:51:56,24.01,31.54,978.71
2024-03-10 21:56:56,31.52,60.28,1150.03
2024-03-10 22:01:56,27.14,47.96,624.54
2024-03-10 22:06:56,28.9,56.92,741.23
2024-03-10 22:11:56,30.61,35.19,1182.34
2024-03-10 22:16:56,22.17,53.2,661.46
2024-03-10 22:21:56,22.97,52.82,1076.56
2024-03-10 22:26:56,22.84,52.57,1744.71
2024-03-10 22:31:56,28.76,39.49,445.91
2024-03-10 22:36:56,23.5,58.44,1862.72
2024-03-10 22:41:56,23.12,52.66,1265.77
2024-03-10 22:46:56,28.26,66.18,1471.14
2024-03-10 22:51:56,30.11,49.26,1069.24
2024-03-10 22:56:56,31.76,56.71,534.09
2024-03-10 23:01:56,27.91,67.41,1844.63
2024-03-10 23:06:56,31.29,63.7,1971.02
2024-03-10 23:11:56,23.67,49.48,1197.64
2024-03-10 23:16:56,29.99,47.08,774.54
2024-03-10 23:21:56,29.61,44.14,785.98
2024-03-10 23:26:56,27.0,67.23,1129.15
2024-03-10 23:31:56,28.11,53.27,1558.26
2024-03-10 23:36:56,25.09,67.01,1235.54
2024-03-10 23:41:56,28.45,43.28,1969.29
2024-03-10 23:46:56,26.41,56.49,1602.01
2024-03-10 23:51:56,31.9,45.78,1453.5
2024-03-10 23:56:56,29.16,68.2,767.25
2024-03-11 00:01:56,25.41,61.58,506.55
2024-03-11 00:06:56,25.24,69.87,1119.07
2024-03-11 00:11:56,24.85,61.59,966.3
2024-03-11 00:16:56,24.55,66.94,1258.03
2024-03-11 00:21:56,24.52,54.46,773.37
2024-03-11 00:26:56,25.9,39.21,1528.3
2024-03-11 00:31:56,27.49,48.74,926.66
2024-03-11 00:36:56,29.84,41.14,1945.79
2024-03-11 00:41:56,25.29,59.39,1525.22
2024-03-11 00:46:56,28.98,57.19,1303.53
2024-03-11 00:51:56,29.3,53.38,1921.75
2024-03-11 00:56:56,25.79,63.91,1988.18
2024-03-11 01:01:56,31.41,50.37,996.39
2024-03-11 01:06:56,30.05,37.87,1234.19
2024-03-11 01:11:56,31.31,68.61,689.75
2024-03-11 01:16:56,31.0,35.17,1876.53
2024-03-11 01:21:56,28.22,35.87,1962.96
2024-03-11 01:26:56,22.39,50.74,773.1
2024-03-11 01:31:56,26.69,62.39,1150.47
2024-03-11 01:36:56,25.63,69.25,919.79
2024-03-11 01:41:56,29.67,58.2,1108.67
2024-03-11 01:46:56,26.7,60.4,1412.12
2024-03-11 01:51:56,24.51,57.16,1712.14
2024-03-11 01:56:56,25.93,57.96,626.5
2024-03-11 02:01:56,22.82,64.29,1003.56
2024-03-11 02:06:56,23.73,55.38,1471.78
2024-03-11 02:11:56,24.12,63.64,1398.39
2024-03-11 02:16:56,27.93,68.07,1280.62
2024-03-11 02:21:56,27.71,37.05,1368.71
2024-03-11 02:26:56,25.79,34.38,971.79
2024-03-11 02:31:56,27.12,65.73,602.53
2024-03-11 02:36:56,31.95,50.12,1208.11
2024-03-11 02:41:56,30.86,55.0,1054.27
2024-03-11 02:46:56,29.05,67.13,1441.64
2024-03-11 02:51:56,25.65,60.74,1215.12
2024-03-11 02:56:56,24.56,67.35,1630.43
2024-03-11 03:01:56,28.05,39.57,913.97
2024-03-11 03:06:56,25.75,56.68,1492.98
2024-03-11 03:11:56,29.68,42.03,693.77
2024-03-11 03:16:56,24.41,61.8,1262.05
2024-03-11 03:21:56,29.56,35.91,626.82
2024-03-11 03:26:56,26.69,50.69,991.64
2024-03-11 03:31:56,29.5,48.4,1725.19
2024-03-11 03:36:56,28.08,34.92,572.27
2024-03-11 03:41:56,24.29,45.73,573.45
2024-03-11 03:46:56,31.53,41.56,1292.14
2024-03-11 03:51:56,29.21,45.89,1176.67
2024-03-11 03:56:56,28.22,50.74,1104.06
2024-03-11 04:01:56,23.02,47.04,1637.46
2024-03-11 04:06:56,22.53,40.59,1118.22
2024-03-11 04:11:56,25.07,61.59,1380.37
2024-03-11 04:16:56,23.97,57.05,1731.51
2024-03-11 04:21:56,26.56,56.42,1471.52
2024-03-11 04:26:56,25.23,30.07,1174.93
2024-03-11 04:31:56,24.34,31.93,1657.3
2024-03-11 04:36:56,24.23,69.92,1045.47
2024-03-11 04:41:56,31.72,49.82,1913.01
2024-03-11 04:46:56,25.23,69.53,1973.18
2024-03-11 04:51:56,28.39,52.96,1830.85
2024-03-11 04:56:56,28.99,55.54,488.43
2024-03-11 05:01:56,30.47,45.23,1569.31
2024-03-11 05:06:56,23.92,45.58,1619.14
2024-03-11 05:11:56,22.42,61.99,1231.22
2024-03-11 05:16:56,26.75,63.49,802.07
2024-03-11 05:21:56,27.88,37.56,606.84
2024-03-11 05:26:56,27.37,46.59,456.18
2024-03-11 05:31:56,26.39,55.76,922.88
2024-03-11 05:36:56,28.14,33.71,1059.12
2024-03-11 05:41:56,28.62,64.5,1884.77
2024-03-11 05:46:56,23.77,59.4,1245.25
2024-03-11 05:51:56,22.02,67.74,1620.84
2024-03-11 05:56:56,26.48,32.03,929.16
2024-03-11 06:01:56,30.83,53.45,558.69
2024-03-11 06:06:56,28.05,33.57,1505.04
2024-03-11 06:11:56,29.83,59.54,594.09
2024-03-11 06:16:56,31.18,64.74,936.76
2024-03-11 06:21:56,24.35,58.43,1629.03
2024-03-11 06:26:56,31.16,62.05,1855.35
2024-03-11 06:31:56,30.44,33.08,616.94
2024-03-11 06:36:56,23.13,35.35,833.41
2024-03-11 06:41:56,23.94,55.19,1625.12
2024-03-11 06:46:56,28.36,30.59,577.01
2024-03-11 06:51:56,25.7,57.44,1926.11
2024-03-11 06:56:56,24.77,63.96,1314.11
2024-03-11 07:01:56,25.19,35.76,1050.66
2024-03-11 07:06:56,22.85,39.67,1849.98
2024-03-11 07:11:56,25.67,40.3,1308.95
2024-03-11 07:16:56,29.19,45.41,1920.73
2024-03-11 07:21:56,25.77,34.75,1694.27
2024-03-11 07:26:56,22.29,40.38,1134.1
2024-03-11 07:31:56,24.78,54.37,1495.89
2024-03-11 07:36:56,25.31,66.53,869.47
2024-03-11 07:41:56,25.27,31.23,1939.54
2024-03-11 07:46:56,31.66,52.15,477.34
2024-03-11 07:51:56,31.52,59.99,809.13
2024-03-11 07:56:56,25.76,46.59,1816.94
2024-03-11 08:01:56,26.01,35.87,689.2
2024-03-11 08:06:56,29.07,57.05,1528.49
2024-03-11 08:11:56,27.34,60.0,1093.47
2024-03-11 08:16:56,29.28,46.65,887.12
2024-03-11 08:21:56,26.13,39.55,1283.97
2024-03-11 08:26:56,30.15,33.5,651.64
2024-03-11 08:31:56,24.58,34.9,580.47
2024-03-11 08:36:56,28.26,46.23,1355.04
2024-03-11 08:41:56,28.12,64.03,521.33
2024-03-11 08:46:56,23.31,33.67,1850.74
2024-03-11 08:51:56,27.75,35.88,1886.95
2024-03-11 08:56:56,27.6,42.26,1191.11
2024-03-11 09:01:56,26.3,35.21,928.95
2024-03-11 09:06:56,29.66,46.59,796.54
2024-03-11 09:11:56,24.92,37.9,1130.89
2024-03-11 09:16:56,22.26,42.98,1335.16
2024-03-11 09:21:56,30.69,34.08,1187.25
2024-03-11 09:26:56,25.8,39.99,1675.41
2024-03-11 09:31:56,29.17,38.87,1904.74
2024-03-11 09:36:56,24.46,46.05,1178.45
2024-03-11 09:41:56,27.79,46.13,1480.74
2024-03-11 09:46:56,29.81,38.05,1641.56
2024-03-11 09:51:56,22.93,59.11,1486.74
2024-03-11 09:56:56,26.74,54.97,405.27
2024-03-11 10:01:56,26.27,58.79,438.63
2024-03-11 10:06:56,26.61,48.51,1485.87
2024-03-11 10:11:56,22.04,64.32,1652.11
2024-03-11 10:16:56,22.3,69.47,1120.56
2024-03-11 10:21:56,22.16,67.41,1952.18
2024-03-11 10:26:56,28.5,41.57,1460.34
2024-03-11 10:31:56,28.15,38.74,685.43
2024-03-11 10:36:56,28.68,66.34,1221.82
2024-03-11 10:41:56,22.17,51.5,792.26
2024-03-11 10:46:56,29.75,46.11,1326.72
2024-03-11 10:51:56,22.46,48.14,534.2
2024-03-11 10:56:56,30.7,53.93,1845.33
2024-03-11 11:01:56,26.69,35.88,624.96
2024-03-11 11:06:56,28.36,51.27,714.89
2024-03-11 11:11:56,24.32,67.9,586.52
2024-03-11 11:16:56,24.09,59.68,1359.43
2024-03-11 11:21:56,29.43,37.0,1532.8
2024-03-11 11:26:56,22.87,60.97,817.19
2024-03-11 11:31:56,23.2,50.37,1055.03
2024-03-11 11:36:56,29.66,31.88,1562.11
2024-03-11 11:41:56,27.37,48.26,1544.77
2024-03-11 11:46:56,24.91,36.0,1142.97
2024-03-11 11:51:56,26.35,38.73,1934.13
2024-03-11 11:56:56,28.96,60.23,576.66
2024-03-11 12:01:56,23.26,57.02,1751.13
2024-03-11 12:06:56,24.81,48.99,1593.8
2024-03-11 12:11:56,28.43,35.31,1538.71
2024-03-11 12:16:56,31.03,37.61,1703.67
2024-03-11 12:21:56,29.57,51.05,1238.64
2024-03-11 12:26:56,27.98,46.24,776.57
2024-03-11 12:31:56,28.79,42.55,1236.21
2024-03-11 12:36:56,28.84,36.71,1641.17
2024-03-11 12:41:56,30.34,44.21,642.43
2024-03-11 12:46:56,30.21,43.7,1169.63
2024-03-11 12:51:56,22.53,54.56,1058.93
2024-03-11 12:56:56,27.9,36.37,1849.66
2024-03-11 13:01:56,31.43,40.31,1678.52
2024-03-11 13:06:56,25.02,46.39,446.07
2024-03-11 13:11:56,23.02,62.68,1876.05
2024-03-11 13:16:56,25.66,55.72,1369.03
2024-03-11 13:21:56,29.41,49.13,955.62
2024-03-11 13:26:56,31.99,56.33,1433.67
2024-03-11 13:31:56,25.47,44.7,526.74
2024-03-11 13:36:56,31.65,40.15,1195.49
2024-03-11 13:41:56,26.69,34.19,1031.6
2024-03-11 13:46:56,23.91,37.78,1660.28
2024-03-11 13:51:56,30.14,30.15,1162.15
2024-03-11 13:56:56,31.1,53.89,1807.42
2024-03-11 14:01:56,25.95,68.46,1572.31
2024-03-11 14:06:56,25.41,55.36,1808.11
2024-03-11 14:11:56,30.92,50.5,733.35
2024-03-11 14:16:56,24.18,62.21,1113.06
2024-03-11 14:21:56,30.01,38.93,1668.12
2024-03-11 14:26:56,22.68,46.37,1000.4
2024-03-11 14:31:56,29.62,34.73,1881.32
2024-03-11 14:36:56,22.21,46.33,910.17
2024-03-11 14:41:56,29.62,46.77,1385.85
2024-03-11 14:46:56,27.68,45.5,1062.94
2024-03-11 14:51:56,22.28,65.58,478.34
2024-03-11 14:56:56,23.5,37.18,1125.41
2024-03-11 15:01:56,25.91,69.17,1060.63
2024-03-11 15:06:56,23.97,50.78,801.25
2024-03-11 15:11:56,23.67,58.12,1332.62
2024-03-11 15:16:56,23.76,57.73,1308.28
2024-03-11 15:21:56,27.35,61.7,1365.18
2024-03-11 15:26:56,27.65,65.64,717.44
2024-03-11 15:31:56,31.53,47.58,710.31
2024-03-11 15:36:56,31.47,31.71,1265.62
2024-03-11 15:41:56,29.81,30.12,1600.32
2024-03-11 15:46:56,25.05,68.3,1848.97
2024-03-11 15:51:56,26.43,67.24,1934.4
2024-03-11 15:56:56,31.83,56.71,590.8
2024-03-11 16:01:56,23.81,30.77,939.35
2024-03-11 16:06:56,30.66,30.58,421.77
2024-03-11 16:11:56,28.41,32.5,1453.43
2024-03-11 16:16:56,29.35,31.82,1153.23
2024-03-11 16:21:56,29.12,66.9,1392.54
2024-03-11 16:26:56,30.44,40.74,1195.53
2024-03-11 16:31:56,28.18,56.31,1329.84
2024-03-11 16:36:56,27.14,63.47,755.19
2024-03-11 16:41:56,24.84,61.59,469.58
2024-03-11 16:46:56,26.31,68.22,470.54
2024-03-11 16:51:56,30.93,35.53,821.31
2024-03-11 16:56:56,27.27,36.15,1533.6
2024-03-11 17:01:56,24.21,36.5,1686.85
2024-03-11 17:06:56,31.02,45.84,1613.01
2024-03-11 17:11:56,30.81,54.96,1854.47
2024-03-11 17:16:56,26.65,67.07,538.89
2024-03-11 17:21:56,25.57,49.77,1092.93
2024-03-11 17:26:56,25.4,60.86,1431.7
2024-03-11 17:31:56,26.4,43.5,1623.36
2024-03-11 17:36:56,25.28,50.71,765.5
2024-03-11 17:41:56,22.3,61.73,1224.06
2024-03-11 17:46:56,22.6,65.78,1294.54
2024-03-11 17:51:56,22.97,53.08,1968.24
2024-03-11 17:56:56,29.52,59.93,848.36
2024-03-11 18:01:56,22.45,30.81,1013.53
2024-03-11 18:06:56,31.69,64.79,843.71
2024-03-11 18:11:56,29.97,44.27,1718.3
2024-03-11 18:16:56,25.75,40.05,1495.2
2024-03-11 18:21:56,24.32,69.87,1484.63
2024-03-11 18:26:56,28.7,51.86,1228.33
2024-03-11 18:31:56,30.68,62.82,1674.47
2024-03-11 18:36:56,31.42,51.42,400.69
2024-03-11 18:41:56,26.83,32.08,615.06
2024-03-11 18:46:56,31.94,61.48,930.81
2024-03-11 18:51:56,24.23,56.3,1441.16
2024-03-11 18:56:56,31.63,36.22,522.97
2024-03-11 19:01:56,23.18,48.85,847.91
2024-03-11 19:06:56,29.37,31.17,1710.73
2024-03-11 19:11:56,22.49,62.71,1009.81
2024-03-11 19:16:56,25.3,31.19,1197.43
2024-03-11 19:21:56,26.33,62.33,1328.21
2024-03-11 19:26:56,27.48,42.55,1664.13
2024-03-11 19:31:56,31.72,40.4,602.97
2024-03-11 19:36:56,27.14,49.48,413.54
2024-03-11 19:41:56,31.14,30.52,1878.74
2024-03-11 19:46:56,26.35,43.35,943.21
2024-03-11 19:51:56,24.33,57.63,1760.73
2024-03-11 19:56:56,24.2,67.25,1877.22
2024-03-11 20:01:56,30.74,60.6,1669.97
2024-03-11 20:06:56,22.31,40.65,1980.14
2024-03-11 20:11:56,23.07,37.37,1151.26
2024-03-11 20:16:56,28.69,32.48,472.75
2024-03-11 20:21:56,25.97,47.12,632.83
2024-03-11 20:26:56,22.0,44.83,1717.49
2024-03-11 20:31:56,29.85,31.1,1537.57
2024-03-11 20:36:56,24.31,45.31,1008.99
2024-03-11 20:41:56,31.45,43.92,1053.07
2024-03-11 20:46:56,26.0,47.71,1889.94
2024-03-11 20:51:56,28.41,54.36,1667.92
2024-03-11 20:56:56,26.02,61.46,1726.16
2024-03-11 21:01:56,23.81,57.86,1620.56
2024-03-11 21:06:56,24.52,67.01,692.36
2024-03-11 21:11:56,24.4,39.37,1253.9
2024-03-11 21:16:56,28.96,65.14,1642.28
2024-03-11 21:21:56,30.24,38.44,1762.09
2024-03-11 21:26:56,26.24,36.26,786.48
2024-03-11 21:31:56,29.95,35.19,1833.58
2024-03-11 21:36:56,29.14,44.51,1973.54
2024-03-11 21:41:56,22.84,45.86,1431.26
2024-03-11 21:46:56,22.62,60.41,1941.84
2024-03-11 21:51:56,26.58,30.46,1175.42
2024-03-11 21:56:56,30.21,67.65,1119.23
2024-03-11 22:01:56,30.05,45.44,680.3
2024-03-11 22:06:56,22.23,63.38,1190.11
2024-03-11 22:11:56,30.53,36.43,1908.04
2024-03-11 22:16:56,29.29,56.05,713.23
2024-03-11 22:21:56,24.68,60.06,1129.01
2024-03-11 22:26:56,27.24,44.16,531.95
2024-03-11 22:31:56,24.26,61.88,793.41
2024-03-11 22:36:56,28.86,57.71,1382.2
2024-03-11 22:41:56,23.48,40.02,710.93
2024-03-11 22:46:56,22.79,66.14,901.44
2024-03-11 22:51:56,26.36,31.83,1723.89
2024-03-11 22:56:56,25.68,36.1,790.9
2024-03-11 23:01:56,22.18,69.31,1195.36
2024-03-11 23:06:56,27.7,64.16,871.53
2024-03-11 23:11:56,26.96,43.64,1172.49
2024-03-11 23:16:56,23.77,38.48,1022.44
2024-03-11 23:21:56,27.72,31.94,1295.8
2024-03-11 23:26:56,28.33,55.51,1889.44
2024-03-11 23:31:56,24.2,66.13,1234.12
2024-03-11 23:36:56,31.37,66.23,608.52
2024-03-11 23:41:56,24.08,51.73,805.93
2024-03-11 23:46:56,30.34,57.44,1035.82
2024-03-11 23:51:56,29.33,65.2,1373.8
2024-03-11 23:56:56,30.04,31.19,1702.36
2024-03-12 00:01:56,24.67,54.58,883.08
2024-03-12 00:06:56,29.07,32.54,1295.58
2024-03-12 00:11:56,25.87,39.82,771.97
2024-03-12 00:16:56,31.31,41.03,1041.43
2024-03-12 00:21:56,24.01,60.81,1145.81
2024-03-12 00:26:56,23.42,34.2,1641.32
2024-03-12 00:31:56,23.53,48.9,713.53
2024-03-12 00:36:56,27.78,53.69,763.12
2024-03-12 00:41:56,22.77,59.03,755.9
2024-03-12 00:46:56,29.99,68.18,780.34
2024-03-12 00:51:56,24.85,53.6,1053.04
2024-03-12 00:56:56,27.98,69.67,839.7
2024-03-12 01:01:56,22.99,60.72,429.94
2024-03-12 01:06:56,22.22,61.26,1425.23
2024-03-12 01:11:56,23.42,49.34,1570.81
2024-03-12 01:16:56,24.76,34.34,1262.85
2024-03-12 01:21:56,31.37,35.17,1454.41
2024-03-12 01:26:56,24.13,46.6,748.36
2024-03-12 01:31:56,25.91,37.2,858.34
2024-03-12 01:36:56,26.27,44.29,639.25
2024-03-12 01:41:56,22.57,40.37,1530.65
2024-03-12 01:46:56,23.32,54.62,1448.55
2024-03-12 01:51:56,22.31,59.05,1480.8
2024-03-12 01:56:56,26.07,39.9,1790.56
2024-03-12 02:01:56,24.48,31.6,892.18
2024-03-12 02:06:56,24.03,34.36,1522.9
2024-03-12 02:11:56,22.79,40.8,1714.51
2024-03-12 02:16:56,31.92,41.15,1561.51
2024-03-12 02:21:56,31.29,49.94,819.96
2024-03-12 02:26:56,24.05,52.09,1955.55
2024-03-12 02:31:56,28.93,47.35,1447.95
2024-03-12 02:36:56,26.31,60.44,1860.34
2024-03-12 02:41:56,28.33,64.68,657.07
2024-03-12 02:46:56,23.79,64.37,1991.98
2024-03-12 02:51:56,22.03,52.71,446.13
2024-03-12 02:56:56,30.77,41.31,829.91
2024-03-12 03:01:56,29.0,37.75,1937.13
2024-03-12 03:06:56,26.65,56.37,1223.82
2024-03-12 03:11:56,28.18,62.53,1424.5
2024-03-12 03:16:56,28.57,46.52,1699.53
2024-03-12 03:21:56,25.07,39.2,1141.54
2024-03-12 03:26:56,24.27,54.37,725.81
2024-03-12 03:31:56,27.2,32.79,472.26
2024-03-12 03:36:56,26.36,62.89,1701.92
2024-03-12 03:41:56,26.97,41.5,1984.24
2024-03-12 03:46:56,22.59,31.19,560.35
2024-03-12 03:51:56,24.94,37.04,1357.28
2024-03-12 03:56:56,31.88,37.11,488.08
2024-03-12 04:01:56,30.52,63.33,532.76
2024-03-12 04:06:56,28.77,61.94,581.15
2024-03-12 04:11:56,25.99,46.16,1316.33
2024-03-12 04:16:56,29.92,34.25,1309.16
2024-03-12 04:21:56,29.38,58.2,1943.27
2024-03-12 04:26:56,26.5,46.68,1586.88
2024-03-12 04:31:56,30.57,31.98,1513.59
2024-03-12 04:36:56,31.46,52.03,1195.63
2024-03-12 04:41:56,26.58,42.0,1688.75
2024-03-12 04:46:56,30.46,58.35,1740.71
2024-03-12 04:51:56,22.69,63.14,1348.93
2024-03-12 04:56:56,30.58,65.44,1297.51
2024-03-12 05:01:56,27.08,60.67,1552.87
2024-03-12 05:06:56,28.22,69.02,1147.27
2024-03-12 05:11:56,31.16,39.33,1403.16
2024-03-12 05:16:56,24.74,39.05,1154.63
2024-03-12 05:21:56,30.65,67.58,1382.95
2024-03-12 05:26:56,24.17,43.18,1614.88
2024-03-12 05:31:56,31.8,65.36,1019.71
2024-03-12 05:36:56,27.62,43.36,860.59
2024-03-12 05:41:56,29.25,53.86,1360.67
2024-03-12 05:46:56,31.96,45.18,1753.56
2024-03-12 05:51:56,30.84,30.94,577.94
2024-03-12 05:56:56,24.56,51.05,1621.31
2024-03-12 06:01:56,26.95,53.56,1568.86
2024-03-12 06:06:56,29.07,38.68,1134.45
2024-03-12 06:11:56,27.55,59.91,1864.74
2024-03-12 06:16:56,24.6,69.2,1341.48
2024-03-12 06:21:56,23.22,45.08,578.11
2024-03-12 06:26:56,27.08,61.21,519.89
2024-03-12 06:31:56,27.12,51.81,1153.21
2024-03-12 06:36:56,25.02,44.17,1098.73
2024-03-12 06:41:56,26.08,58.51,662.57
2024-03-12 06:46:56,28.52,31.12,878.85
2024-03-12 06:51:56,28.39,36.81,1240.93
2024-03-12 06:56:56,30.1,42.09,1095.27
2024-03-12 07:01:56,23.87,38.48,792.95
2024-03-12 07:06:56,25.52,36.97,481.9
2024-03-12 07:11:56,30.4,36.03,521.4
2024-03-12 07:16:56,25.01,34.66,678.68
2024-03-12 07:21:56,22.27,64.75,558.25
2024-03-12 07:26:56,23.66,62.29,1019.4
2024-03-12 07:31:56,27.54,66.47,1459.44
2024-03-12 07:36:56,31.87,51.44,1675.67
2024-03-12 07:41:56,24.11,49.76,440.53
2024-03-12 07:46:56,28.33,39.92,1019.59
2024-03-12 07:51:56,23.95,51.65,1769.72
2024-03-12 07:56:56,22.19,52.92,1843.09
2024-03-12 08:01:56,22.17,35.22,1966.2
2024-03-12 08:06:56,24.4,43.24,1023.86
2024-03-12 08:11:56,31.59,56.17,1227.92
2024-03-12 08:16:56,24.46,51.86,1394.47
2024-03-12 08:21:56,26.72,49.15,1670.51
2024-03-12 08:26:56,30.85,67.89,967.21
2024-03-12 08:31:56,24.35,60.54,943.88
2024-03-12 08:36:56,23.87,36.08,447.68
2024-03-12 08:41:56,28.95,59.23,1247.51
2024-03-12 08:46:56,29.48,42.38,1913.32
2024-03-12 08:51:56,25.33,59.26,1071.26
2024-03-12 08:56:56,22.31,61.66,452.84
2024-03-12 09:01:56,27.49,41.31,1119.12
2024-03-12 09:06:56,25.99,40.45,1612.63
2024-03-12 09:11:56,23.3,33.08,1903.79
2024-03-12 09:16:56,30.54,68.23,1396.58
2024-03-12 09:21:56,23.41,58.43,1271.85
2024-03-12 09:26:56,23.33,36.85,1610.11
2024-03-12 09:31:56,30.1,48.59,1675.29
2024-03-12 09:36:56,26.16,49.84,1540.65
2024-03-12 09:41:56,30.18,30.2,1435.59
2024-03-12 09:46:56,24.28,69.01,639.12
2024-03-12 09:51:56,23.0,68.67,1864.13
2024-03-12 09:56:56,26.76,48.24,936.36
2024-03-12 10:01:56,25.25,47.51,1585.95
2024-03-12 10:06:56,26.02,48.24,1547.3
2024-03-12 10:11:56,26.88,68.36,402.6
2024-03-12 10:16:56,28.55,62.56,1719.41
2024-03-12 10:21:56,27.65,39.52,712.43
2024-03-12 10:26:56,25.13,47.85,918.1
2024-03-12 10:31:56,24.98,57.59,1618.23
2024-03-12 10:36:56,31.58,61.32,507.88
2024-03-12 10:41:56,22.14,64.59,1610.46
2024-03-12 10:46:56,23.83,53.94,1279.69
2024-03-12 10:51:56,31.78,35.89,1163.04
2024-03-12 10:56:56,27.7,48.05,1639.18
2024-03-12 11:01:56,30.08,44.95,414.45
2024-03-12 11:06:56,29.27,61.85,1786.08
2024-03-12 11:11:56,22.1,42.99,842.02
2024-03-12 11:16:56,24.67,51.89,1505.13
2024-03-12 11:21:56,23.78,69.32,1237.18
2024-03-12 11:26:56,24.73,53.47,1187.7
2024-03-12 11:31:56,24.69,57.18,1962.74
2024-03-12 11:36:56,25.36,47.69,821.9
2024-03-12 11:41:56,25.03,53.59,736.63
2024-03-12 11:46:56,25.98,67.87,908.23
2024-03-12 11:51:56,29.4,57.3,1197.42
2024-03-12 11:56:56,26.54,57.3,1733.8
2024-03-12 12:01:56,31.78,69.17,1112.55
2024-03-12 12:06:56,26.29,38.23,618.56
2024-03-12 12:11:56,27.33,64.58,1813.25
2024-03-12 12:16:56,28.43,46.46,1933.65
2024-03-12 12:21:56,29.68,61.86,564.12
2024-03-12 12:26:56,30.07,63.74,1233.06
2024-03-12 12:31:56,22.63,65.72,1745.23
2024-03-12 12:36:56,27.02,33.71,1186.34
2024-03-12 12:41:56,31.84,55.86,623.81
2024-03-12 12:46:56,31.19,66.4,1067.27
2024-03-12 12:51:56,25.42,39.41,1808.63
2024-03-12 12:56:56,25.04,53.86,1753.44
2024-03-12 13:01:56,24.4,65.32,864.04
2024-03-12 13:06:56,28.22,62.82,607.75
2024-03-12 13:11:56,24.24,33.01,486.34
2024-03-12 13:16:56,24.97,55.37,841.29
2024-03-12 13:21:56,24.41,32.66,770.76
2024-03-12 13:26:56,23.98,68.72,1912.76
2024-03-12 13:31:56,26.99,30.07,1924.43
2024-03-12 13:36:56,24.63,64.96,952.39
2024-03-12 13:41:56,22.68,51.45,1549.73
2024-03-12 13:46:56,25.61,50.54,1276.58
2024-03-12 13:51:56,28.76,52.55,712.83
2024-03-12 13:56:56,22.94,34.16,1161.26
2024-03-12 14:01:56,30.92,66.62,1123.6
2024-03-12 14:06:56,26.88,67.65,851.78
2024-03-12 14:11:56,26.3,55.54,1047.69
2024-03-12 14:16:56,28.76,57.64,1443.03
2024-03-12 14:21:56,27.21,31.35,859.66
2024-03-12 14:26:56,30.01,53.21,551.83
2024-03-12 14:31:56,28.37,50.97,1917.41
2024-03-12 14:36:56,28.49,40.74,796.9
2024-03-12 14:41:56,30.27,46.8,776.53
2024-03-12 14:46:56,27.6,49.49,1028.36
2024-03-12 14:51:56,26.54,59.73,1468.97
2024-03-12 14:56:56,22.22,47.73,888.74
2024-03-12 15:01:56,24.23,40.14,507.11
2024-03-12 15:06:56,26.56,43.71,1554.24
2024-03-12 15:11:56,22.05,63.25,568.07
2024-03-12 15:16:56,22.23,46.55,1585.43
2024-03-12 15:21:56,26.64,60.38,1911.44
2024-03-12 15:26:56,27.28,61.03,1831.53
2024-03-12 15:31:56,27.3,63.84,948.75
2024-03-12 15:36:56,24.07,37.01,1943.44
2024-03-12 15:41:56,24.94,49.22,779.16
2024-03-12 15:46:56,23.02,60.33,550.59
2024-03-12 15:51:56,29.0,55.59,910.72
2024-03-12 15:56:56,28.64,66.45,1915.93
2024-03-12 16:01:56,31.29,40.7,664.66
2024-03-12 16:06:56,23.55,44.52,1800.82
2024-03-12 16:11:56,23.96,40.09,1327.85
2024-03-12 16:16:56,30.22,30.59,1714.2
2024-03-12 16:21:56,26.7,61.06,1842.25
2024-03-12 16:26:56,28.11,63.08,1746.9
2024-03-12 16:31:56,23.59,55.88,1664.92
2024-03-12 16:36:56,22.61,51.24,715.64
2024-03-12 16:41:56,28.97,65.11,1662.02
2024-03-12 16:46:56,24.33,57.02,1881.55
2024-03-12 16:51:56,22.01,39.85,1513.66
2024-03-12 16:56:56,25.12,42.76,1390.84
2024-03-12 17:01:56,29.18,49.8,1167.06
2024-03-12 17:06:56,31.39,36.4,1043.57
2024-03-12 17:11:56,22.79,35.48,1358.66
2024-03-12 17:16:56,30.52,38.68,1089.44
2024-03-12 17:21:56,27.67,57.15,1680.78
2024-03-12 17:26:56,31.48,53.64,1615.67
2024-03-12 17:31:56,31.35,63.76,870.05
2024-03-12 17:36:56,29.39,66.81,792.28
2024-03-12 17:41:56,29.82,36.52,1787.66
2024-03-12 17:46:56,22.22,56.75,1209.23
2024-03-12 17:51:56,24.18,37.09,846.75
2024-03-12 17:56:56,28.32,36.45,733.15
2024-03-12 18:01:56,30.58,59.45,1862.11
2024-03-12 18:06:56,24.02,59.66,1420.15
2024-03-12 18:11:56,23.42,67.48,852.52
2024-03-12 18:16:56,29.46,61.93,914.16
2024-03-12 18:21:56,26.01,44.64,1222.25
2024-03-12 18:26:56,23.07,66.89,972.92
2024-03-12 18:31:56,27.07,63.59,1874.12
2024-03-12 18:36:56,22.68,46.12,808.68
2024-03-12 18:41:56,31.3,54.25,957.35
2024-03-12 18:46:56,25.43,46.07,1864.93
2024-03-12 18:51:56,31.26,30.66,743.86
2024-03-12 18:56:56,30.29,49.71,1405.9
2024-03-12 19:01:56,27.24,68.27,1581.8
2024-03-12 19:06:56,24.97,43.74,653.1
2024-03-12 19:11:56,23.28,55.52,1914.99
2024-03-12 19:16:56,30.71,60.31,792.07
2024-03-12 19:21:56,31.46,37.3,1350.3
2024-03-12 19:26:56,25.96,52.6,1709.87
2024-03-12 19:31:56,27.91,41.2,961.99
2024-03-12 19:36:56,31.47,30.06,1160.02
2024-03-12 19:41:56,26.03,63.98,618.55
2024-03-12 19:46:56,27.72,48.37,1803.08
2024-03-12 19:51:56,26.09,58.51,1800.76
2024-03-12 19:56:56,23.41,37.82,1773.03
2024-03-12 20:01:56,28.99,38.15,1714.4
2024-03-12 20:06:56,29.64,42.51,1832.75
2024-03-12 20:11:56,22.66,69.14,899.69
2024-03-12 20:16:56,31.33,41.55,624.94
2024-03-12 20:21:56,30.63,41.64,1287.45
2024-03-12 20:26:56,27.11,52.51,1765.12
2024-03-12 20:31:56,25.1,36.01,518.74
2024-03-12 20:36:56,25.4,59.06,590.93
2024-03-12 20:41:56,22.9,60.34,1558.01
2024-03-12 20:46:56,27.73,57.56,1243.33
2024-03-12 20:51:56,25.3,44.51,651.0
2024-03-12 20:56:56,29.41,54.89,1373.45
2024-03-12 21:01:56,24.95,31.72,995.43
2024-03-12 21:06:56,28.94,32.2,618.33
2024-03-12 21:11:56,23.94,68.28,1537.29
2024-03-12 21:16:56,28.86,60.26,615.09
2024-03-12 21:21:56,25.75,37.46,799.56
2024-03-12 21:26:56,27.23,56.7,1083.3
2024-03-12 21:31:56,28.35,38.86,700.82
2024-03-12 21:36:56,28.87,42.71,1245.3
2024-03-12 21:41:56,31.22,34.78,1146.96
2024-03-12 21:46:56,24.93,36.13,713.6
2024-03-12 21:51:56,28.76,61.6,492.67
2024-03-12 21:56:56,30.64,48.52,1939.92
2024-03-12 22:01:56,30.62,63.87,481.08
2024-03-12 22:06:56,26.68,56.81,1650.16
2024-03-12 22:11:56,22.65,63.75,636.39
2024-03-12 22:16:56,31.77,47.05,475.7
2024-03-12 22:21:56,25.23,37.2,768.39
2024-03-12 22:26:56,22.89,60.64,1021.17
2024-03-12 22:31:56,23.4,54.22,1719.69
2024-03-12 22:36:56,30.29,53.14,715.55
2024-03-12 22:41:56,22.72,68.76,1016.73
2024-03-12 22:46:56,24.23,41.77,1262.17
2024-03-12 22:51:56,31.81,32.26,645.36
2024-03-12 22:56:56,22.99,39.88,560.79
2024-03-12 23:01:56,22.46,47.83,1019.71
2024-03-12 23:06:56,27.57,38.26,1514.89
2024-03-12 23:11:56,24.29,64.61,1689.04
2024-03-12 23:16:56,26.47,48.33,959.83
2024-03-12 23:21:56,30.4,49.28,1484.02
2024-03-12 23:26:56,25.84,38.82,1217.86
2024-03-12 23:31:56,24.8,56.34,1679.63
2024-03-12 23:36:56,22.79,61.4,594.18
2024-03-12 23:41:56,31.34,51.57,1952.23
2024-03-12 23:46:56,26.42,51.81,720.84
2024-03-12 23:51:56,29.93,56.69,1474.87
2024-03-12 23:56:56,30.84,65.46,1203.3
2024-03-13 00:01:56,24.15,40.51,1392.94
2024-03-13 00:06:56,22.73,42.19,1325.34
2024-03-13 00:11:56,31.83,36.67,476.85
2024-03-13 00:16:56,28.95,62.07,1418.16
2024-03-13 00:21:56,22.79,54.27,1935.75
2024-03-13 00:26:56,28.86,63.39,443.95
2024-03-13 00:31:56,28.16,40.27,1512.94
2024-03-13 00:36:56,24.21,37.07,813.89
2024-03-13 00:41:56,22.04,37.53,1202.01
2024-03-13 00:46:56,23.67,55.55,525.22
2024-03-13 00:51:56,30.8,60.37,727.8
2024-03-13 00:56:56,26.52,67.22,1083.12
2024-03-13 01:01:56,28.77,53.42,1775.68
2024-03-13 01:06:56,23.35,68.07,1812.15
2024-03-13 01:11:56,27.06,40.47,675.95
2024-03-13 01:16:56,29.54,55.28,468.44
2024-03-13 01:21:56,30.69,34.83,841.94
2024-03-13 01:26:56,31.72,68.91,613.51
2024-03-13 01:31:56,23.94,33.9,694.78
2024-03-13 01:36:56,25.85,53.56,603.91
2024-03-13 01:41:56,28.14,42.27,983.61
2024-03-13 01:46:56,25.93,50.33,1711.7
2024-03-13 01:51:56,30.46,51.97,873.22
2024-03-13 01:56:56,22.0,55.43,667.73
2024-03-13 02:01:56,28.76,40.4,1130.76
2024-03-13 02:06:56,22.74,54.39,1980.15
2024-03-13 02:11:56,31.26,35.12,855.45
2024-03-13 02:16:56,26.66,41.33,1119.52
2024-03-13 02:21:56,25.49,52.09,567.69
2024-03-13 02:26:56,28.59,60.54,1927.31
2024-03-13 02:31:56,31.32,54.15,676.69
2024-03-13 02:36:56,28.68,48.01,707.24
2024-03-13 02:41:56,22.66,35.32,1344.39
2024-03-13 02:46:56,22.33,56.5,1369.0
2024-03-13 02:51:56,31.91,43.45,459.27
2024-03-13 02:56:56,31.55,56.93,1043.57
2024-03-13 03:01:56,22.07,47.28,819.48
2024-03-13 03:06:56,28.6,69.97,1892.58
2024-03-13 03:11:56,30.36,39.21,1327.26
2024-03-13 03:16:56,27.54,66.98,1545.93
2024-03-13 03:21:56,25.73,68.06,409.17
2024-03-13 03:26:56,27.01,55.2,1308.36
2024-03-13 03:31:56,24.21,38.93,1568.87
2024-03-13 03:36:56,26.05,30.69,843.27
2024-03-13 03:41:56,23.12,66.4,973.49
2024-03-13 03:46:56,27.48,57.3,768.91
2024-03-13 03:51:56,28.22,48.13,867.17
2024-03-13 03:56:56,24.15,46.76,557.48
2024-03-13 04:01:56,22.92,33.07,1027.83
2024-03-13 04:06:56,27.97,47.5,739.84
2024-03-13 04:11:56,29.61,59.4,1049.15
2024-03-13 04:16:56,24.84,40.34,977.41
2024-03-13 04:21:56,23.29,45.88,910.73
2024-03-13 04:26:56,28.96,64.09,466.32
2024-03-13 04:31:56,28.16,40.85,1030.39
2024-03-13 04:36:56,30.43,44.85,1478.93
2024-03-13 04:41:56,25.82,33.04,1942.77
2024-03-13 04:46:56,24.1,68.97,1259.17
2024-03-13 04:51:56,22.25,50.58,883.88
2024-03-13 04:56:56,27.16,38.3,1292.45
2024-03-13 05:01:56,26.2,54.83,1388.89
2024-03-13 05:06:56,29.4,30.73,1854.27
2024-03-13 05:11:56,23.47,52.44,1763.33
2024-03-13 05:16:56,25.87,32.02,1195.23
2024-03-13 05:21:56,27.98,38.83,1278.44
2024-03-13 05:26:56,23.82,45.37,1277.04
2024-03-13 05:31:56,31.96,56.51,471.7
2024-03-13 05:36:56,23.99,61.15,1106.31
2024-03-13 05:41:56,22.52,46.4,494.92
2024-03-13 05:46:56,23.57,40.69,1008.47
2024-03-13 05:51:56,22.62,48.83,610.68
2024-03-13 05:56:56,31.54,45.1,931.2
2024-03-13 06:01:56,24.96,33.37,1064.48
2024-03-13 06:06:56,29.36,61.89,1182.76
2024-03-13 06:11:56,23.8,41.8,1116.62
2024-03-13 06:16:56,25.01,43.07,1426.6
2024-03-13 06:21:56,28.06,51.21,525.61
2024-03-13 06:26:56,31.31,68.08,1022.76
2024-03-13 06:31:56,27.82,48.02,821.67
2024-03-13 06:36:56,24.18,62.3,1381.22
2024-03-13 06:41:56,23.44,31.87,1992.89
2024-03-13 06:46:56,30.53,68.17,1679.02
2024-03-13 06:51:56,27.1,38.96,1197.34
2024-03-13 06:56:56,22.1,65.29,1738.29
2024-03-13 07:01:56,25.1,45.41,1809.5
2024-03-13 07:06:56,23.88,58.78,1098.2
2024-03-13 07:11:56,22.08,31.52,1080.14
2024-03-13 07:16:56,23.62,66.56,787.96
2024-03-13 07:21:56,27.6,47.79,1348.24
2024-03-13 07:26:56,23.07,66.67,1932.1
2024-03-13 07:31:56,22.05,46.12,814.42
2024-03-13 07:36:56,24.37,48.02,1295.22
2024-03-13 07:41:56,23.09,53.69,1620.49
2024-03-13 07:46:56,24.01,50.74,1318.64
2024-03-13 07:51:56,28.84,33.76,544.12
2024-03-13 07:56:56,28.46,65.86,1989.2
2024-03-13 08:01:56,31.85,69.04,997.93
2024-03-13 08:06:56,27.24,57.22,1819.31
2024-03-13 08:11:56,28.9,45.28,1957.27
2024-03-13 08:16:56,24.05,47.38,1439.23
2024-03-13 08:21:56,31.13,43.52,808.2
2024-03-13 08:26:56,31.49,50.96,456.0
2024-03-13 08:31:56,31.25,50.18,1964.51
2024-03-13 08:36:56,29.02,49.87,1858.64
2024-03-13 08:41:56,27.7,58.08,1426.69
2024-03-13 08:46:56,29.07,67.32,1551.33
2024-03-13 08:51:56,26.18,66.9,1830.95
2024-03-13 08:56:56,25.97,43.57,1932.84
2024-03-13 09:01:56,26.5,38.7,1258.32
2024-03-13 09:06:56,26.34,56.47,1450.34
2024-03-13 09:11:56,23.5,56.08,428.46
2024-03-13 09:16:56,29.87,57.18,1986.26
2024-03-13 09:21:56,24.03,64.48,1637.77
2024-03-13 09:26:56,26.35,43.54,776.24
2024-03-13 09:31:56,24.34,30.38,1531.37
2024-03-13 09:36:56,28.54,51.12,1145.25
2024-03-13 09:41:56,23.88,44.67,1829.37
2024-03-13 09:46:56,28.64,30.23,982.1
2024-03-13 09:51:56,22.92,58.62,510.41
2024-03-13 09:56:56,24.79,63.05,895.98
2024-03-13 10:01:56,28.28,55.68,650.19
2024-03-13 10:06:56,25.18,39.39,1342.43
2024-03-13 10:11:56,28.17,45.42,1190.64
